ds,trend,yhat_lower,yhat_upper,trend_lower,trend_upper,additive_terms,additive_terms_lower,additive_terms_upper,weekly,weekly_lower,weekly_upper,multiplicative_terms,multiplicative_terms_lower,multiplicative_terms_upper,yhat
2024-06-12,2.7346158999999997,0.873780145604709,4.411709398422701,2.7346158999999997,2.7346158999999997,-0.0766528994950721,-0.0766528994950721,-0.0766528994950721,-0.0766528994950721,-0.0766528994950721,-0.0766528994950721,0.0,0.0,0.0,2.6579630005049277
2024-06-14,2.735530393447802,1.2819417264793553,4.693867392187425,2.735530393447802,2.735530393447802,0.2558641337632298,0.2558641337632298,0.2558641337632298,0.2558641337632298,0.2558641337632298,0.2558641337632298,0.0,0.0,0.0,2.991394527211032
2024-06-16,2.736444886895604,0.5053635678908611,3.9368492080662727,2.736444886895604,2.736444886895604,-0.42433631090232804,-0.42433631090232804,-0.42433631090232804,-0.42433631090232804,-0.42433631090232804,-0.42433631090232804,0.0,0.0,0.0,2.312108575993276
2024-06-17,2.7369021336195054,1.1531422840926746,4.450138664691536,2.7369021336195054,2.7369021336195054,0.054861400055093885,0.054861400055093885,0.054861400055093885,0.054861400055093885,0.054861400055093885,0.054861400055093885,0.0,0.0,0.0,2.791763533674599
2024-06-18,2.7373593803434066,0.9677027991454996,4.599504109834863,2.7373593803434066,2.7373593803434066,-0.022986631634080087,-0.022986631634080087,-0.022986631634080087,-0.022986631634080087,-0.022986631634080087,-0.022986631634080087,0.0,0.0,0.0,2.7143727487093265
2024-06-20,2.7382738737912087,0.9853454203848218,4.695529280290813,2.7382738737912087,2.7382738737912087,0.06828482000000342,0.06828482000000342,0.06828482000000342,0.06828482000000342,0.06828482000000342,0.06828482000000342,0.0,0.0,0.0,2.806558693791212
2024-06-24,2.7401028606868127,1.1977958411928924,4.618022537163775,2.7401028606868127,2.7401028606868127,0.054861400055258476,0.054861400055258476,0.054861400055258476,0.054861400055258476,0.054861400055258476,0.054861400055258476,0.0,0.0,0.0,2.7949642607420713
2024-06-25,2.740560107410714,1.156947380440018,4.500383563532012,2.740560107410714,2.740560107410714,-0.02298663163469799,-0.02298663163469799,-0.02298663163469799,-0.02298663163469799,-0.02298663163469799,-0.02298663163469799,0.0,0.0,0.0,2.717573475776016
2024-06-26,2.7410173541346152,0.9373589503610715,4.390753995429339,2.7410173541346152,2.7410173541346152,-0.07665289949471724,-0.07665289949471724,-0.07665289949471724,-0.07665289949471724,-0.07665289949471724,-0.07665289949471724,0.0,0.0,0.0,2.664364454639898
2024-06-27,2.741474600858516,0.9336706208072793,4.493676439460721,2.741474600858516,2.741474600858516,0.06828482000143964,0.06828482000143964,0.06828482000143964,0.06828482000143964,0.06828482000143964,0.06828482000143964,0.0,0.0,0.0,2.8097594208599554
2024-06-28,2.7419318475824173,1.3357624175726506,4.779727011158518,2.7419318475824173,2.7419318475824173,0.25586413376290096,0.25586413376290096,0.25586413376290096,0.25586413376290096,0.25586413376290096,0.25586413376290096,0.0,0.0,0.0,2.9977959813453183
2024-06-29,2.7423890943063185,1.2699621032727615,4.515126112615871,2.7423890943063185,2.7423890943063185,0.14496548821394073,0.14496548821394073,0.14496548821394073,0.14496548821394073,0.14496548821394073,0.14496548821394073,0.0,0.0,0.0,2.8873545825202593
2024-06-30,2.7428463409246193,0.5738508793331845,4.0461572115938385,2.7428463409246193,2.7428463409246193,-0.42433631090221113,-0.42433631090221113,-0.42433631090221113,-0.42433631090221113,-0.42433631090221113,-0.42433631090221113,0.0,0.0,0.0,2.3185100300224084
2024-07-02,2.743760834161222,0.9466184362372246,4.353095735259298,2.743760834161222,2.743760834161222,-0.022986631634621384,-0.022986631634621384,-0.022986631634621384,-0.022986631634621384,-0.022986631634621384,-0.022986631634621384,0.0,0.0,0.0,2.7207742025266004
2024-07-03,2.744218080779523,0.8642784729421129,4.413822312521081,2.744218080779523,2.744218080779523,-0.07665289949408513,-0.07665289949408513,-0.07665289949408513,-0.07665289949408513,-0.07665289949408513,-0.07665289949408513,0.0,0.0,0.0,2.667565181285438
2024-07-04,2.744675327397825,1.0781258470362571,4.527577129984097,2.744675327397825,2.744675327397825,0.06828481999946176,0.06828481999946176,0.06828481999946176,0.06828481999946176,0.06828481999946176,0.06828481999946176,0.0,0.0,0.0,2.8129601473972867
2024-07-06,2.745589820634427,1.134274874051214,4.62739481294115,2.745589820634427,2.745589820634427,0.14496548821320537,0.14496548821320537,0.14496548821320537,0.14496548821320537,0.14496548821320537,0.14496548821320537,0.0,0.0,0.0,2.8905553088476323
2024-07-08,2.7465043138710294,1.1290555825565627,4.534835371118164,2.7465043138710294,2.7465043138710294,0.05486140005558761,0.05486140005558761,0.05486140005558761,0.05486140005558761,0.05486140005558761,0.05486140005558761,0.0,0.0,0.0,2.801365713926617
2024-07-12,2.748333300344234,1.2917181806615539,4.750869997030016,2.748333300344234,2.748333300344234,0.2558641337633643,0.2558641337633643,0.2558641337633643,0.2558641337633643,0.2558641337633643,0.2558641337633643,0.0,0.0,0.0,3.0041974341075983
2024-07-14,2.749247793580836,0.5441248081142291,4.197949071422847,2.749247793580836,2.749247793580836,-0.42433631090213275,-0.42433631090213275,-0.42433631090213275,-0.42433631090213275,-0.42433631090213275,-0.42433631090213275,0.0,0.0,0.0,2.3249114826787034
2024-07-15,2.7497050401991374,0.9864490399555782,4.556210634489549,2.7497050401991374,2.7497050401991374,0.05486140005475906,0.05486140005475906,0.05486140005475906,0.05486140005475906,0.05486140005475906,0.05486140005475906,0.0,0.0,0.0,2.8045664402538963
2024-07-17,2.7506195334357395,0.9718803391352846,4.398256600487016,2.7506195334357395,2.7506195334357395,-0.07665289949463965,-0.07665289949463965,-0.07665289949463965,-0.07665289949463965,-0.07665289949463965,-0.07665289949463965,0.0,0.0,0.0,2.6739666339410997
2024-07-20,2.751991273290643,1.1420627340557787,4.5321014409629745,2.751991273290643,2.751991273290643,0.1449654882146963,0.1449654882146963,0.1449654882146963,0.1449654882146963,0.1449654882146963,0.1449654882146963,0.0,0.0,0.0,2.896956761505339
2024-07-27,2.75519199944509,1.1080756939830942,4.797909863948164,2.75519199944509,2.75519199944509,0.14496548821444386,0.14496548821444386,0.14496548821444386,0.14496548821444386,0.14496548821444386,0.14496548821444386,0.0,0.0,0.0,2.900157487659534
2024-07-28,2.755649246038583,0.6547611526145625,4.08744650749154,2.755649246038583,2.755649246038583,-0.42433631090221074,-0.42433631090221074,-0.42433631090221074,-0.42433631090221074,-0.42433631090221074,-0.42433631090221074,0.0,0.0,0.0,2.331312935136372
2024-07-30,2.7565637392255677,0.9119380980632503,4.4929639750065915,2.7565637392255677,2.7565637392255677,-0.022986631633866144,-0.022986631633866144,-0.022986631633866144,-0.022986631633866144,-0.022986631633866144,-0.022986631633866144,0.0,0.0,0.0,2.7335771075917017
2024-08-01,2.757478232412552,0.9951304299047845,4.486766376612357,2.757478232412552,2.757478232412552,0.06828482000048533,0.06828482000048533,0.06828482000048533,0.06828482000048533,0.06828482000048533,0.06828482000048533,0.0,0.0,0.0,2.8257630524130377
2024-08-03,2.7583927255995375,1.206475169217908,4.679939167212935,2.7583927255995375,2.7583927255995375,0.14496548821370844,0.14496548821370844,0.14496548821370844,0.14496548821370844,0.14496548821370844,0.14496548821370844,0.0,0.0,0.0,2.903358213813246
2024-08-04,2.7588499721930297,0.6686516981452016,3.9356668415733913,2.7588499721930297,2.7588499721930297,-0.4243363109022497,-0.4243363109022497,-0.4243363109022497,-0.4243363109022497,-0.4243363109022497,-0.4243363109022497,0.0,0.0,0.0,2.33451366129078
2024-08-07,2.7602217119735073,1.1684646781870487,4.347577427970763,2.7602217119735073,2.7602217119735073,-0.07665289949508458,-0.07665289949508458,-0.07665289949508458,-0.07665289949508458,-0.07665289949508458,-0.07665289949508458,0.0,0.0,0.0,2.6835688124784225
2024-08-11,2.7620506983474775,0.5321581155034594,4.228692770485142,2.7620506983474775,2.7620506983474775,-0.42433631090217194,-0.42433631090217194,-0.42433631090217194,-0.42433631090217194,-0.42433631090217194,-0.42433631090217194,0.0,0.0,0.0,2.3377143874453057
2024-08-14,2.7634224381279546,0.913150807544403,4.5352593485077985,2.7634224381279546,2.7634224381279546,-0.07665289949445243,-0.07665289949445243,-0.07665289949445243,-0.07665289949445243,-0.07665289949445243,-0.07665289949445243,0.0,0.0,0.0,2.686769538633502
2024-08-19,2.7657086710954175,1.0609517062158187,4.452895346507093,2.7657086710954175,2.7657086710954175,0.054861400054246695,0.054861400054246695,0.054861400054246695,0.054861400054246695,0.054861400054246695,0.054861400054246695,0.0,0.0,0.0,2.8205700711496644
2024-08-20,2.7661659177499236,1.036166946176528,4.4378887137603895,2.7661659177499236,2.7661659177499236,-0.02298663163433083,-0.02298663163433083,-0.02298663163433083,-0.02298663163433083,-0.02298663163433083,-0.02298663163433083,0.0,0.0,0.0,2.7431792861155926
2024-08-24,2.7679949043679497,1.284521633637069,4.738196326229716,2.7679949043679497,2.7679949043679497,0.14496548821295102,0.14496548821295102,0.14496548821295102,0.14496548821295102,0.14496548821295102,0.14496548821295102,0.0,0.0,0.0,2.9129603925809007
2024-08-26,2.768909397676963,1.1249965386374576,4.624070592119863,2.768909397676963,2.768909397676963,0.054861400054753325,0.054861400054753325,0.054861400054753325,0.054861400054753325,0.054861400054753325,0.054861400054753325,0.0,0.0,0.0,2.8237707977317164
2024-08-27,2.769366644331469,1.0718874798044935,4.410778482779634,2.769366644331469,2.769366644331469,-0.022986631633805446,-0.022986631633805446,-0.022986631633805446,-0.022986631633805446,-0.022986631633805446,-0.022986631633805446,0.0,0.0,0.0,2.746380012697663
2024-08-28,2.769823890985976,0.9206582956544204,4.3587561897683305,2.769823890985976,2.769823890985976,-0.07665289949409756,-0.07665289949409756,-0.07665289949409756,-0.07665289949409756,-0.07665289949409756,-0.07665289949409756,0.0,0.0,0.0,2.693170991491878
2024-08-29,2.7702811376404823,1.1233890241742608,4.5098078139172655,2.7702811376404823,2.7702811376404823,0.0682848199999833,0.0682848199999833,0.0682848199999833,0.0682848199999833,0.0682848199999833,0.0682848199999833,0.0,0.0,0.0,2.8385659576404656
2024-08-30,2.770738384294989,1.3440376285496944,4.754377931842448,2.770738384294989,2.770738384294989,0.2558641337620383,0.2558641337620383,0.2558641337620383,0.2558641337620383,0.2558641337620383,0.2558641337620383,0.0,0.0,0.0,3.026602518057027
2024-09-01,2.7716528776040015,0.7091399262859099,4.163635580842357,2.7716528776040015,2.7716528776040015,-0.4243363109022108,-0.4243363109022108,-0.4243363109022108,-0.4243363109022108,-0.4243363109022108,-0.4243363109022108,0.0,0.0,0.0,2.3473165667017906
2024-09-02,2.7721101242585084,0.9609016302806007,4.655472542181875,2.7721101242585084,2.7721101242585084,0.05486140005525993,0.05486140005525993,0.05486140005525993,0.05486140005525993,0.05486140005525993,0.05486140005525993,0.0,0.0,0.0,2.8269715243137683
2024-09-04,2.773024617546112,0.8316855700011744,4.427784799295471,2.773024617546112,2.773024617546112,-0.07665289949528431,-0.07665289949528431,-0.07665289949528431,-0.07665289949528431,-0.07665289949528431,-0.07665289949528431,0.0,0.0,0.0,2.6963717180508278
2024-09-05,2.7734818641899137,1.1040564806203008,4.58998981813899,2.7734818641899137,2.7734818641899137,0.06828482000047525,0.06828482000047525,0.06828482000047525,0.06828482000047525,0.06828482000047525,0.06828482000047525,0.0,0.0,0.0,2.841766684190389
2024-09-06,2.773939110833716,1.2274753570019172,4.793023780098591,2.773939110833716,2.773939110833716,0.255864133762666,0.255864133762666,0.255864133762666,0.255864133762666,0.255864133762666,0.255864133762666,0.0,0.0,0.0,3.029803244596382
2024-09-08,2.7748536041213203,0.7124776250144109,3.96646186938574,2.7748536041213203,2.7748536041213203,-0.4243363109021331,-0.4243363109021331,-0.4243363109021331,-0.4243363109021331,-0.4243363109021331,-0.4243363109021331,0.0,0.0,0.0,2.350517293219187
2024-09-10,2.775768097408924,1.035932950899614,4.571242590153107,2.775768097408924,2.775768097408924,-0.0229866316336522,-0.0229866316336522,-0.0229866316336522,-0.0229866316336522,-0.0229866316336522,-0.0229866316336522,0.0,0.0,0.0,2.752781465775272
2024-09-15,2.778054330627934,0.607283429225318,4.069471144934063,2.778054330627934,2.778054330627934,-0.4243363109022502,-0.4243363109022502,-0.4243363109022502,-0.4243363109022502,-0.4243363109022502,-0.4243363109022502,0.0,0.0,0.0,2.353718019725684
2024-09-16,2.7785115772717357,1.094105619979229,4.66312414445239,2.7785115772717357,2.7785115772717357,0.05486140005558908,0.05486140005558908,0.05486140005558908,0.05486140005558908,0.05486140005558908,0.05486140005558908,0.0,0.0,0.0,2.8333729773273246
2024-09-19,2.779883317203142,1.0872650609666885,4.591376558620705,2.779883317203142,2.779883317203142,0.06828481999898933,0.06828481999898933,0.06828481999898933,0.06828481999898933,0.06828481999898933,0.06828481999898933,0.0,0.0,0.0,2.8481681372021312
2024-09-20,2.7803405638469436,1.1842898458726172,4.77431915942414,2.7803405638469436,2.7803405638469436,0.2558641337631292,0.2558641337631292,0.2558641337631292,0.2558641337631292,0.2558641337631292,0.2558641337631292,0.0,0.0,0.0,3.036204697610073
2024-09-21,2.7807978104979156,1.0780635665309903,4.592175145552397,2.7807978104979156,2.7807978104979156,0.14496548821345415,0.14496548821345415,0.14496548821345415,0.14496548821345415,0.14496548821345415,0.14496548821345415,0.0,0.0,0.0,2.9257632987113698
2024-09-24,2.782169550450832,0.986140938496601,4.429959309492751,2.782169550450832,2.782169550450832,-0.022986631634888018,-0.022986631634888018,-0.022986631634888018,-0.022986631634888018,-0.022986631634888018,-0.022986631634888018,0.0,0.0,0.0,2.7591829188159442
2024-09-28,2.7839985370547202,1.1407209719637705,4.737706280242301,2.7839985370547202,2.7839985370547202,0.14496548821271876,0.14496548821271876,0.14496548821271876,0.14496548821271876,0.14496548821271876,0.14496548821271876,0.0,0.0,0.0,2.928964025267439
2024-09-29,2.7844557837056927,0.5743789960226455,4.082262473605437,2.7844557837056927,2.7844557837056927,-0.42433631090225,-0.42433631090225,-0.42433631090225,-0.42433631090225,-0.42433631090225,-0.42433631090225,0.0,0.0,0.0,2.3601194728034427
2024-09-30,2.7849130303566643,1.0832020194575955,4.522707471084152,2.7849130303566643,2.7849130303566643,0.05486140005492506,0.05486140005492506,0.05486140005492506,0.05486140005492506,0.05486140005492506,0.05486140005492506,0.0,0.0,0.0,2.8397744304115893
2024-10-02,2.7858275236586088,0.9738261156609347,4.454274897560968,2.7858275236586088,2.7858275236586088,-0.07665289949509704,-0.07665289949509704,-0.07665289949509704,-0.07665289949509704,-0.07665289949509704,-0.07665289949509704,0.0,0.0,0.0,2.7091746241635115
2024-10-05,2.787199263611525,1.1622813542798525,4.575617456038056,2.787199263611525,2.787199263611525,0.14496548821198335,0.14496548821198335,0.14496548821198335,0.14496548821198335,0.14496548821198335,0.14496548821198335,0.0,0.0,0.0,2.932164751823508
2024-10-12,2.7903999901683303,1.2979087731004744,4.746872928553103,2.7903999901683303,2.7903999901683303,0.14496548821420968,0.14496548821420968,0.14496548821420968,0.14496548821420968,0.14496548821420968,0.14496548821420968,0.0,0.0,0.0,2.93536547838254
2024-10-13,2.7908572368203224,0.5715143862513034,4.033327658151464,2.7908572368203224,2.7908572368203224,-0.42433631090224977,-0.42433631090224977,-0.42433631090224977,-0.42433631090224977,-0.42433631090224977,-0.42433631090224977,0.0,0.0,0.0,2.3665209259180724
2024-10-18,2.793143470080284,1.1416219388994633,4.706431832476354,2.793143470080284,2.793143470080284,0.25586413376238404,0.25586413376238404,0.25586413376238404,0.25586413376238404,0.25586413376238404,0.25586413376238404,0.0,0.0,0.0,3.0490076038426683
2024-10-25,2.79634419664423,1.2592697041843879,4.826937553484943,2.79634419664423,2.79634419664423,0.2558641337630117,0.2558641337630117,0.2558641337630117,0.2558641337630117,0.2558641337630117,0.2558641337630117,0.0,0.0,0.0,3.052208330407242
2024-10-26,2.796801443296223,1.2009428014621164,4.787475178618517,2.796801443296223,2.796801443296223,0.14496548821370475,0.14496548821370475,0.14496548821370475,0.14496548821370475,0.14496548821370475,0.14496548821370475,0.0,0.0,0.0,2.9417669315099277
2024-10-31,2.7990876765561845,1.1876894532293247,4.749982686415744,2.7990876765561845,2.7990876765561845,0.06828481999947122,0.06828481999947122,0.06828481999947122,0.06828481999947122,0.06828481999947122,0.06828481999947122,0.0,0.0,0.0,2.8673724965556557
2024-11-01,2.799544923208177,1.445001780109371,4.85797942527722,2.799544923208177,2.799544923208177,0.2558641337628473,0.2558641337628473,0.2558641337628473,0.2558641337628473,0.2558641337628473,0.2558641337628473,0.0,0.0,0.0,3.0554090569710244
2024-11-04,2.800916663164154,1.069765616249545,4.538130425713113,2.800916663164154,2.800916663164154,0.05486140005608994,0.05486140005608994,0.05486140005608994,0.05486140005608994,0.05486140005608994,0.05486140005608994,0.0,0.0,0.0,2.855778063220244
2024-11-06,2.801831156468139,1.114621420691388,4.480643998614352,2.801831156468139,2.801831156468139,-0.0766528994951871,-0.0766528994951871,-0.0766528994951871,-0.0766528994951871,-0.0766528994951871,-0.0766528994951871,0.0,0.0,0.0,2.725178256972952
2024-11-07,2.802288403120131,1.1048352479299062,4.565586436533557,2.802288403120131,2.802288403120131,0.06828481999996318,0.06828481999996318,0.06828481999996318,0.06828481999996318,0.06828481999996318,0.06828481999996318,0.0,0.0,0.0,2.870573223120094
2024-11-11,2.80410796557865,1.1885461467588858,4.534337892780842,2.80410796557865,2.80410796557865,0.05486140005491934,0.05486140005491934,0.05486140005491934,0.05486140005491934,0.05486140005491934,0.05486140005491934,0.0,0.0,0.0,2.8589693656335693
2024-11-12,2.80456285619328,0.9921139598988578,4.4855838204305885,2.80456285619328,2.80456285619328,-0.022986631633454165,-0.022986631633454165,-0.022986631633454165,-0.022986631633454165,-0.022986631633454165,-0.022986631633454165,0.0,0.0,0.0,2.7815762245598257
2024-11-14,2.805472637422539,1.1188183842137833,4.62453799272816,2.805472637422539,2.805472637422539,0.06828481999951089,0.06828481999951089,0.06828481999951089,0.06828481999951089,0.06828481999951089,0.06828481999951089,0.0,0.0,0.0,2.87375745742205
2024-11-15,2.8059275280371687,1.345646356571498,4.7882306754839385,2.8059275280371687,2.8059275280371687,0.2558641337624309,0.2558641337624309,0.2558641337624309,0.2558641337624309,0.2558641337624309,0.2558641337624309,0.0,0.0,0.0,3.0617916617995995
2024-11-17,2.8068373092664283,0.6301930955659418,4.20430303828364,2.8068373092664283,2.8068373092664283,-0.4243363109022499,-0.4243363109022499,-0.4243363109022499,-0.4243363109022499,-0.4243363109022499,-0.4243363109022499,0.0,0.0,0.0,2.3825009983641783
2024-11-19,2.8077470904956874,0.9269880102972884,4.49398085619922,2.8077470904956874,2.8077470904956874,-0.022986631634072066,-0.022986631634072066,-0.022986631634072066,-0.022986631634072066,-0.022986631634072066,-0.022986631634072066,0.0,0.0,0.0,2.7847604588616153
2024-11-25,2.810476433592655,1.136836943344034,4.761540586649644,2.810476433592655,2.810476433592655,0.054861400055248505,0.054861400055248505,0.054861400055248505,0.054861400055248505,0.054861400055248505,0.054861400055248505,0.0,0.0,0.0,2.8653378336479034
2024-11-26,2.8109313241088163,1.116930646439149,4.578482917478829,2.8109313241088163,2.8109313241088163,-0.022986631633995433,-0.022986631633995433,-0.022986631633995433,-0.022986631633995433,-0.022986631633995433,-0.022986631633995433,0.0,0.0,0.0,2.787944692474821
2024-11-28,2.811841105141139,1.134372468776262,4.64963322920369,2.811841105141139,2.811841105141139,0.0682848200004948,0.0682848200004948,0.0682848200004948,0.0682848200004948,0.0682848200004948,0.0682848200004948,0.0,0.0,0.0,2.880125925141634
2024-11-30,2.812750886173462,1.109903809371258,4.8083084622187515,2.812750886173462,2.812750886173462,0.14496548821347244,0.14496548821347244,0.14496548821347244,0.14496548821347244,0.14496548821347244,0.14496548821347244,0.0,0.0,0.0,2.9577163743869344
2024-12-05,2.8150253387542685,1.1623714381872994,4.593735984201688,2.8150253387542685,2.8150253387542685,0.06828482000040542,0.06828482000040542,0.06828482000040542,0.06828482000040542,0.06828482000040542,0.06828482000040542,0.0,0.0,0.0,2.883310158754674
2024-12-08,2.816390010302752,0.5594395738744936,4.177283739672004,2.816390010302752,2.816390010302752,-0.4243363109020937,-0.4243363109020937,-0.4243363109020937,-0.4243363109020937,-0.4243363109020937,-0.4243363109020937,0.0,0.0,0.0,2.3920536994006585
2024-12-09,2.8168449008189134,1.2631550683298711,4.56907904240811,2.8168449008189134,2.8168449008189134,0.05486140005458447,0.05486140005458447,0.05486140005458447,0.05486140005458447,0.05486140005458447,0.05486140005458447,0.0,0.0,0.0,2.8717063008734978
2024-12-12,2.8182095723673974,1.1006161226788294,4.57278257054943,2.8182095723673974,2.8182095723673974,0.06828481999995312,0.06828481999995312,0.06828481999995312,0.06828481999995312,0.06828481999995312,0.06828481999995312,0.0,0.0,0.0,2.8864943923673505
2024-12-14,2.81911935339972,1.1827435366542682,4.672922573494709,2.81911935339972,2.81911935339972,0.14496548821296756,0.14496548821296756,0.14496548821296756,0.14496548821296756,0.14496548821296756,0.14496548821296756,0.0,0.0,0.0,2.9640848416126873
2024-12-16,2.8200291344428403,1.1323043721164838,4.631860587117979,2.8200291344428403,2.8200291344428403,0.054861400054407074,0.054861400054407074,0.054861400054407074,0.054861400054407074,0.054861400054407074,0.054861400054407074,0.0,0.0,0.0,2.8748905344972475
2024-12-19,2.821393806007521,1.0242423813885708,4.70252076952636,2.821393806007521,2.821393806007521,0.06828481999950081,0.06828481999950081,0.06828481999950081,0.06828481999950081,0.06828481999950081,0.06828481999950081,0.0,0.0,0.0,2.889678626007022
2024-12-31,2.826852492266243,1.1606302174587124,4.455594235496451,2.826852492266243,2.826852492266243,-0.022986631634552643,-0.022986631634552643,-0.022986631634552643,-0.022986631634552643,-0.022986631634552643,-0.022986631634552643,0.0,0.0,0.0,2.8038658606316904
2025-01-01,2.8273073827878035,0.9869526207689566,4.556801180256085,2.8273073827878035,2.8273073827878035,-0.07665289949519957,-0.07665289949519957,-0.07665289949519957,-0.07665289949519957,-0.07665289949519957,-0.07665289949519957,0.0,0.0,0.0,2.750654483292604
2025-01-02,2.827762273309364,1.3047761349184406,4.653865001698835,2.827762273309364,2.827762273309364,0.06828482000048473,0.06828482000048473,0.06828482000048473,0.06828482000048473,0.06828482000048473,0.06828482000048473,0.0,0.0,0.0,2.8960470933098486
2025-01-06,2.8295818353956044,1.1571949978672071,4.853073950973356,2.8295818353956044,2.8295818353956044,0.05486140005524277,0.05486140005524277,0.05486140005524277,0.05486140005524277,0.05486140005524277,0.05486140005524277,0.0,0.0,0.0,2.8844432354508474
2025-01-08,2.8304916164387253,0.8912768004150395,4.589842817986612,2.8304916164387253,2.8304916164387253,-0.07665289949508985,-0.07665289949508985,-0.07665289949508985,-0.07665289949508985,-0.07665289949508985,-0.07665289949508985,0.0,0.0,0.0,2.7538387169436356
2025-01-10,2.8314013974818453,1.3242980892071101,4.779398945296759,2.8314013974818453,2.8314013974818453,0.2558641337634042,0.2558641337634042,0.2558641337634042,0.2558641337634042,0.2558641337634042,0.2558641337634042,0.0,0.0,0.0,3.0872655312452495
2025-01-12,2.8323111785249653,0.6397033483984593,4.190323710214259,2.8323111785249653,2.8323111785249653,-0.424336310902172,-0.424336310902172,-0.424336310902172,-0.424336310902172,-0.424336310902172,-0.424336310902172,0.0,0.0,0.0,2.4079748676227934
2025-01-14,2.833220959534997,1.0210567341449077,4.525629757461806,2.833220959534997,2.833220959534997,-0.022986631634399433,-0.022986631634399433,-0.022986631634399433,-0.022986631634399433,-0.022986631634399433,-0.022986631634399433,0.0,0.0,0.0,2.8102343279005977
2025-01-16,2.8341307405450284,1.063125246666032,4.521151725820442,2.8341307405450284,2.8341307405450284,0.06828481999899881,0.06828481999899881,0.06828481999899881,0.06828481999899881,0.06828481999899881,0.06828481999899881,0.0,0.0,0.0,2.902415560544027
2025-01-20,2.835950302565091,1.1242293613483736,4.518700871912368,2.835950302565091,2.835950302565091,0.05486140005457879,0.05486140005457879,0.05486140005457879,0.05486140005457879,0.05486140005457879,0.05486140005457879,0.0,0.0,0.0,2.89081170261967
2025-01-21,2.8364051930701075,0.9480099639156283,4.406447624634257,2.8364051930701075,2.8364051930701075,-0.022986631635017324,-0.022986631635017324,-0.022986631635017324,-0.022986631635017324,-0.022986631635017324,-0.022986631635017324,0.0,0.0,0.0,2.8134185614350904
2025-01-22,2.836860083575123,1.0395775998584604,4.537849347984098,2.836860083575123,2.836860083575123,-0.07665289949473499,-0.07665289949473499,-0.07665289949473499,-0.07665289949473499,-0.07665289949473499,-0.07665289949473499,0.0,0.0,0.0,2.760207184080388
2025-01-27,2.839134536100201,1.2049777162131141,4.570314638225109,2.839134536100201,2.839134536100201,0.05486140005508542,0.05486140005508542,0.05486140005508542,0.05486140005508542,0.05486140005508542,0.05486140005508542,0.0,0.0,0.0,2.8939959361552865
2025-02-02,2.8418638791302953,0.7336393845810228,4.307153772093093,2.8418638791302953,2.8418638791302953,-0.42433631090221074,-0.42433631090221074,-0.42433631090221074,-0.42433631090221074,-0.42433631090221074,-0.42433631090221074,0.0,0.0,0.0,2.4175275682280843
2025-02-03,2.8423187696353116,1.1135345251259132,4.6853075378969065,2.8423187696353116,2.8423187696353116,0.05486140005524996,0.05486140005524996,0.05486140005524996,0.05486140005524996,0.05486140005524996,0.05486140005524996,0.0,0.0,0.0,2.8971801696905617
2025-02-05,2.8432285506453425,1.1322990968206446,4.595975532738625,2.8432285506453425,2.8432285506453425,-0.07665289949490257,-0.07665289949490257,-0.07665289949490257,-0.07665289949490257,-0.07665289949490257,-0.07665289949490257,0.0,0.0,0.0,2.76657565115044
2025-02-07,2.8441383316553743,1.1820571108314497,4.8934833970682865,2.8441383316553743,2.8441383316553743,0.25586413376345113,0.25586413376345113,0.25586413376345113,0.25586413376345113,0.25586413376345113,0.25586413376345113,0.0,0.0,0.0,3.1000024654188256
2025-02-08,2.844593222155437,1.1348093197581721,4.76043798335545,2.844593222155437,2.844593222155437,0.1449654882139737,0.1449654882139737,0.1449654882139737,0.1449654882139737,0.1449654882139737,0.1449654882139737,0.0,0.0,0.0,2.9895587103694106
2025-02-09,2.8450481126554994,0.6669347065829954,4.0424160505046505,2.8450481126554994,2.8450481126554994,-0.424336310902328,-0.424336310902328,-0.424336310902328,-0.424336310902328,-0.424336310902328,-0.424336310902328,0.0,0.0,0.0,2.4207118017531712
2025-02-10,2.8455030031555624,1.1630147339653063,4.657984988054057,2.8455030031555624,2.8455030031555624,0.05486140005541458,0.05486140005541458,0.05486140005541458,0.05486140005541458,0.05486140005541458,0.05486140005541458,0.0,0.0,0.0,2.9003644032109768
2025-02-13,2.8468676746557495,1.0430124250476343,4.737332721009687,2.8468676746557495,2.8468676746557495,0.06828482000002237,0.06828482000002237,0.06828482000002237,0.06828482000002237,0.06828482000002237,0.06828482000002237,0.0,0.0,0.0,2.915152494655772
2025-02-15,2.8477774556558755,1.2356567171618655,4.611597894397125,2.8477774556558755,2.8477774556558755,0.14496548821323835,0.14496548821323835,0.14496548821323835,0.14496548821323835,0.14496548821323835,0.14496548821323835,0.0,0.0,0.0,2.9927429438691138
2025-02-18,2.849142127156063,1.1182815694272952,4.411152235127433,2.849142127156063,2.849142127156063,-0.0229866316342621,-0.0229866316342621,-0.0229866316342621,-0.0229866316342621,-0.0229866316342621,-0.0229866316342621,0.0,0.0,0.0,2.826155495521801
2025-02-19,2.8495970176561256,1.0807465497071183,4.567155950862366,2.8495970176561256,2.8495970176561256,-0.07665289949454773,-0.07665289949454773,-0.07665289949454773,-0.07665289949454773,-0.07665289949454773,-0.07665289949454773,0.0,0.0,0.0,2.7729441181615777
2025-02-21,2.850506798656251,1.2334700139635997,4.889601587418767,2.850506798656251,2.850506798656251,0.25586413376224276,0.25586413376224276,0.25586413376224276,0.25586413376224276,0.25586413376224276,0.25586413376224276,0.0,0.0,0.0,3.106370932418494
2025-02-25,2.8523263606565012,1.1725766396583581,4.501861410751916,2.8523263606565012,2.8523263606565012,-0.022986631634185482,-0.022986631634185482,-0.022986631634185482,-0.022986631634185482,-0.022986631634185482,-0.022986631634185482,0.0,0.0,0.0,2.829339729022316
2025-02-26,2.8527812511565642,1.092895151795693,4.519525729459305,2.8527812511565642,2.8527812511565642,-0.07665289949391554,-0.07665289949391554,-0.07665289949391554,-0.07665289949391554,-0.07665289949391554,-0.07665289949391554,0.0,0.0,0.0,2.7761283516626487
2025-03-01,2.8541459226567523,1.3936244179574528,4.70939061935804,2.8541459226567523,2.8541459226567523,0.1449654882127334,0.1449654882127334,0.1449654882127334,0.1449654882127334,0.1449654882127334,0.1449654882127334,0.0,0.0,0.0,2.9991114108694856
2025-03-02,2.854600813114869,0.6137399362881706,4.173173290996674,2.854600813114869,2.854600813114869,-0.42433631090217183,-0.42433631090217183,-0.42433631090217183,-0.42433631090217183,-0.42433631090217183,-0.42433631090217183,0.0,0.0,0.0,2.430264502212697
2025-03-05,2.855965484489218,1.0450141110469675,4.494352986633528,2.855965484489218,2.855965484489218,-0.07665289949510232,-0.07665289949510232,-0.07665289949510232,-0.07665289949510232,-0.07665289949510232,-0.07665289949510232,0.0,0.0,0.0,2.779312584994116
2025-03-06,2.8564203749473345,1.145954944736174,4.674715155047522,2.8564203749473345,2.8564203749473345,0.06828481999997264,0.06828481999997264,0.06828481999997264,0.06828481999997264,0.06828481999997264,0.06828481999997264,0.0,0.0,0.0,2.924705194947307
2025-03-09,2.8577850463216836,0.6632766678406938,4.212214050430162,2.8577850463216836,2.8577850463216836,-0.4243363109021326,-0.4243363109021326,-0.4243363109021326,-0.4243363109021326,-0.4243363109021326,-0.4243363109021326,0.0,0.0,0.0,2.433448735419551
2025-03-11,2.858694827237916,1.08887169951214,4.444779530624281,2.858694827237916,2.858694827237916,-0.02298663163358347,-0.02298663163358347,-0.02298663163358347,-0.02298663163358347,-0.02298663163358347,-0.02298663163358347,0.0,0.0,0.0,2.835708195604332
2025-03-12,2.8591497176960323,1.0409431617581324,4.506393086344282,2.8591497176960323,2.8591497176960323,-0.07665289949447013,-0.07665289949447013,-0.07665289949447013,-0.07665289949447013,-0.07665289949447013,-0.07665289949447013,0.0,0.0,0.0,2.782496818201562
2025-03-13,2.859604608154149,1.1484393152703396,4.683729214273437,2.859604608154149,2.859604608154149,0.06828481999952037,0.06828481999952037,0.06828481999952037,0.06828481999952037,0.06828481999952037,0.06828481999952037,0.0,0.0,0.0,2.9278894281536694
2025-03-14,2.860059498612265,1.363680178404449,4.812682788636874,2.860059498612265,2.860059498612265,0.2558641337625416,0.2558641337625416,0.2558641337625416,0.2558641337625416,0.2558641337625416,0.2558641337625416,0.0,0.0,0.0,3.1159236323748063
2025-03-16,2.860969279528498,0.8059411549571512,4.236161190472724,2.860969279528498,2.860969279528498,-0.42433631090224977,-0.42433631090224977,-0.42433631090224977,-0.42433631090224977,-0.42433631090224977,-0.42433631090224977,0.0,0.0,0.0,2.436632968626248
2025-03-18,2.861879060444731,1.1235610176218302,4.567323957433711,2.861879060444731,2.861879060444731,-0.022986631634201362,-0.022986631634201362,-0.022986631634201362,-0.022986631634201362,-0.022986631634201362,-0.022986631634201362,0.0,0.0,0.0,2.8388924288105297
2025-03-19,2.8623339509041656,1.1014972876551574,4.452295524731927,2.8623339509041656,2.8623339509041656,-0.07665289949474746,-0.07665289949474746,-0.07665289949474746,-0.07665289949474746,-0.07665289949474746,-0.07665289949474746,0.0,0.0,0.0,2.7856810514094184
2025-03-23,2.8641535127419058,0.80683248175243,4.107611736257414,2.8641535127419058,2.8641535127419058,-0.4243363109022106,-0.4243363109022106,-0.4243363109022106,-0.4243363109022106,-0.4243363109022106,-0.4243363109022106,0.0,0.0,0.0,2.4398172018396953
2025-03-26,2.865518184120211,1.060126940503609,4.486475863235344,2.865518184120211,2.865518184120211,-0.07665289949463774,-0.07665289949463774,-0.07665289949463774,-0.07665289949463774,-0.07665289949463774,-0.07665289949463774,0.0,0.0,0.0,2.7888652846255733
2025-03-28,2.8664279650390814,1.4334873009419336,4.865712778168185,2.8664279650390814,2.8664279650390814,0.2558641337622128,0.2558641337622128,0.2558641337622128,0.2558641337622128,0.2558641337622128,0.2558641337622128,0.0,0.0,0.0,3.122292098801294
2025-03-29,2.866882855498516,1.2553036313028882,4.656114193369457,2.866882855498516,2.866882855498516,0.1449654882132365,0.1449654882132365,0.1449654882132365,0.1449654882132365,0.1449654882132365,0.1449654882132365,0.0,0.0,0.0,3.0118483437117525
2025-04-01,2.8682475268768215,1.17486316307466,4.555669029114735,2.8682475268768215,2.8682475268768215,-0.022986631634742676,-0.022986631634742676,-0.022986631634742676,-0.022986631634742676,-0.022986631634742676,-0.022986631634742676,0.0,0.0,0.0,2.845260895242079
2025-04-02,2.868702417336256,0.9949166721194552,4.533951252754307,2.868702417336256,2.868702417336256,-0.07665289949491505,-0.07665289949491505,-0.07665289949491505,-0.07665289949491505,-0.07665289949491505,-0.07665289949491505,0.0,0.0,0.0,2.792049517841341
2025-04-04,2.8696121982551266,1.3709217687031883,4.914866704313008,2.8696121982551266,2.8696121982551266,0.2558641337628404,0.2558641337628404,0.2558641337628404,0.2558641337628404,0.2558641337628404,0.2558641337628404,0.0,0.0,0.0,3.125476332017967
2025-04-05,2.870067088714561,1.241003637513107,4.720874642222209,2.870067088714561,2.870067088714561,0.14496548821298402,0.14496548821298402,0.14496548821298402,0.14496548821298402,0.14496548821298402,0.14496548821298402,0.0,0.0,0.0,3.015032576927545
2025-04-07,2.8709768696334317,1.139653905612218,4.590396101247298,2.8709768696334317,2.8709768696334317,0.05486140005440277,0.05486140005440277,0.05486140005440277,0.05486140005440277,0.05486140005440277,0.05486140005440277,0.0,0.0,0.0,2.9258382696878344
2025-04-08,2.8714317600928663,1.1361387662680225,4.587886241152113,2.8714317600928663,2.8714317600928663,-0.02298663163397152,-0.02298663163397152,-0.02298663163397152,-0.02298663163397152,-0.02298663163397152,-0.02298663163397152,0.0,0.0,0.0,2.848445128458895
2025-04-09,2.8718866505468323,1.0977914343809965,4.608954427943018,2.8718866505468323,2.8718866505468323,-0.07665289949428288,-0.07665289949428288,-0.07665289949428288,-0.07665289949428288,-0.07665289949428288,-0.07665289949428288,0.0,0.0,0.0,2.7952337510525496
2025-04-12,2.8732513219087306,1.200330766028776,4.622133155903026,2.8732513219087306,2.8732513219087306,0.14496548821224864,0.14496548821224864,0.14496548821224864,0.14496548821224864,0.14496548821224864,0.14496548821224864,0.0,0.0,0.0,3.018216810120979
2025-04-16,2.8750708837245953,1.0371331925667788,4.515278766202905,2.8750708837245953,2.8750708837245953,-0.07665289949508265,-0.07665289949508265,-0.07665289949508265,-0.07665289949508265,-0.07665289949508265,-0.07665289949508265,0.0,0.0,0.0,2.7984179842295127
2025-04-19,2.876435555086494,1.2955402838970025,4.7114349775697635,2.876435555086494,2.876435555086494,0.14496548821247907,0.14496548821247907,0.14496548821247907,0.14496548821247907,0.14496548821247907,0.14496548821247907,0.0,0.0,0.0,3.021401043298973
2025-04-22,2.877800226448392,1.0800215820245185,4.435961666059468,2.877800226448392,2.877800226448392,-0.022986631634064024,-0.022986631634064024,-0.022986631634064024,-0.022986631634064024,-0.022986631634064024,-0.022986631634064024,0.0,0.0,0.0,2.854813594814328
2025-04-26,2.8796197882642565,1.2266586639091976,4.8224221847648145,2.8796197882642565,2.8796197882642565,0.1449654882117437,0.1449654882117437,0.1449654882117437,0.1449654882117437,0.1449654882117437,0.1449654882117437,0.0,0.0,0.0,3.0245852764760004
2025-05-01,2.8818942405340877,1.1369972805389823,4.680119474004583,2.8818942405340877,2.8818942405340877,0.0682848200004942,0.0682848200004942,0.0682848200004942,0.0682848200004942,0.0682848200004942,0.0682848200004942,0.0,0.0,0.0,2.950179060534582
2025-05-02,2.882349130988054,1.2876997011655997,4.829167577235959,2.882349130988054,2.882349130988054,0.25586413376288725,0.25586413376288725,0.25586413376288725,0.25586413376288725,0.25586413376288725,0.25586413376288725,0.0,0.0,0.0,3.138213264750941
2025-05-03,2.88280402144202,1.39507199604356,4.713604631423438,2.88280402144202,2.88280402144202,0.14496548821397007,0.14496548821397007,0.14496548821397007,0.14496548821397007,0.14496548821397007,0.14496548821397007,0.0,0.0,0.0,3.02776950965599
2025-05-05,2.883713802349952,1.1327589999994243,4.712005014442429,2.883713802349952,2.883713802349952,0.05486140005574515,0.05486140005574515,0.05486140005574515,0.05486140005574515,0.05486140005574515,0.05486140005574515,0.0,0.0,0.0,2.9385752024056973
2025-05-07,2.8846235832244527,1.0033000305666855,4.622139031974227,2.8846235832244527,2.8846235832244527,-0.07665289949500508,-0.07665289949500508,-0.07665289949500508,-0.07665289949500508,-0.07665289949500508,-0.07665289949500508,0.0,0.0,0.0,2.807970683729448
2025-05-10,2.885988254536204,1.2665373373518483,4.765879935479621,2.885988254536204,2.885988254536204,0.14496548821323466,0.14496548821323466,0.14496548821323466,0.14496548821323466,0.14496548821323466,0.14496548821323466,0.0,0.0,0.0,3.0309537427494386
2025-05-11,2.8864431449734536,0.84680381103904,4.196252492398185,2.8864431449734536,2.8864431449734536,-0.42433631090225016,-0.42433631090225016,-0.42433631090225016,-0.42433631090225016,-0.42433631090225016,-0.42433631090225016,0.0,0.0,0.0,2.4621068340712036
2025-05-14,2.8878078162852043,1.1684067607888504,4.63208592382455,2.8878078162852043,2.8878078162852043,-0.07665289949528234,-0.07665289949528234,-0.07665289949528234,-0.07665289949528234,-0.07665289949528234,-0.07665289949528234,0.0,0.0,0.0,2.811154916789922
2025-05-18,2.889627378034205,0.9017638849491536,4.310531135620833,2.889627378034205,2.889627378034205,-0.4243363109022109,-0.4243363109022109,-0.4243363109022109,-0.4243363109022109,-0.4243363109022109,-0.4243363109022109,0.0,0.0,0.0,2.4652910671319943
2025-05-20,2.890537158908706,1.0584164390352242,4.573798500783221,2.890537158908706,2.890537158908706,-0.022986631633308822,-0.022986631633308822,-0.022986631633308822,-0.022986631633308822,-0.022986631633308822,-0.022986631633308822,0.0,0.0,0.0,2.867550527275397
2025-05-25,2.892811611094957,0.6887011313185789,4.166743631981328,2.892811611094957,2.892811611094957,-0.42433631090224994,-0.42433631090224994,-0.42433631090224994,-0.42433631090224994,-0.42433631090224994,-0.42433631090224994,0.0,0.0,0.0,2.468475300192707
2025-05-26,2.8932665015322074,1.2230950528736686,4.7375373295301,2.8932665015322074,2.8932665015322074,0.05486140005524573,0.05486140005524573,0.05486140005524573,0.05486140005524573,0.05486140005524573,0.05486140005524573,0.0,0.0,0.0,2.948127901587453
2025-05-27,2.8937213919694575,1.1395559270170603,4.605777356586483,2.8937213919694575,2.8937213919694575,-0.022986631633926703,-0.022986631633926703,-0.022986631633926703,-0.022986631633926703,-0.022986631633926703,-0.022986631633926703,0.0,0.0,0.0,2.8707347603355307
2025-05-28,2.8941762824067077,0.8794671391625016,4.52597677750579,2.8941762824067077,2.8941762824067077,-0.07665289949492751,-0.07665289949492751,-0.07665289949492751,-0.07665289949492751,-0.07665289949492751,-0.07665289949492751,0.0,0.0,0.0,2.81752338291178
2025-05-29,2.8946311728385683,1.3151359587869023,4.661354600062227,2.8946311728385683,2.8946311728385683,0.06828481999999218,0.06828481999999218,0.06828481999999218,0.06828481999999218,0.06828481999999218,0.06828481999999218,0.0,0.0,0.0,2.9629159928385604
2025-06-03,2.896905624997872,1.1680866716106244,4.557598823290159,2.896905624997872,2.896905624997872,-0.022986631633155567,-0.022986631633155567,-0.022986631633155567,-0.022986631633155567,-0.022986631633155567,-0.022986631633155567,0.0,0.0,0.0,2.8739189933647165
2025-06-08,2.899180077157175,0.6983621192610218,4.2924239567591975,2.899180077157175,2.899180077157175,-0.42433631090224966,-0.42433631090224966,-0.42433631090224966,-0.42433631090224966,-0.42433631090224966,-0.42433631090224966,0.0,0.0,0.0,2.4748437662549256
2025-06-10,2.9000898580208965,1.1160025396365365,4.516153407560036,2.9000898580208965,2.9000898580208965,-0.022986631633773475,-0.022986631633773475,-0.022986631633773475,-0.022986631633773475,-0.022986631633773475,-0.022986631633773475,0.0,0.0,0.0,2.877103226387123
2025-06-11,2.9005447484527576,1.170673661664308,4.564025438719742,2.9005447484527576,2.9005447484527576,-0.0766528994950951,-0.0766528994950951,-0.0766528994950951,-0.0766528994950951,-0.0766528994950951,-0.0766528994950951,0.0,0.0,0.0,2.8238918489576625
2025-06-13,2.901454529316479,1.4625520174272924,5.0254677195363415,2.901454529316479,2.901454529316479,0.2558641337626053,0.2558641337626053,0.2558641337626053,0.2558641337626053,0.2558641337626053,0.2558641337626053,0.0,0.0,0.0,3.157318663079084
2025-06-14,2.90190941974834,1.3154232565494277,4.768498793690056,2.90190941974834,2.90190941974834,0.1449654882139682,0.1449654882139682,0.1449654882139682,0.1449654882139682,0.1449654882139682,0.1449654882139682,0.0,0.0,0.0,3.0468749079623083
2025-06-16,2.9028192006120612,1.1720465881164135,4.784595115091962,2.9028192006120612,2.9028192006120612,0.054861400054062245,0.054861400054062245,0.054861400054062245,0.054861400054062245,0.054861400054062245,0.054861400054062245,0.0,0.0,0.0,2.9576806006661234
2025-06-19,2.9041838719076436,1.3121245129087178,4.7496034155588145,2.9041838719076436,2.9041838719076436,0.0682848200005238,0.0682848200005238,0.0682848200005238,0.0682848200005238,0.0682848200005238,0.0682848200005238,0.0,0.0,0.0,2.9724686919081673
2025-06-21,2.905093652771365,1.2939275857687387,4.866868853944451,2.905093652771365,2.905093652771365,0.14496548821323282,0.14496548821323282,0.14496548821323282,0.14496548821323282,0.14496548821323282,0.14496548821323282,0.0,0.0,0.0,3.050059140984598
2025-06-23,2.9060034336350866,1.2115435255542446,4.655883928800401,2.9060034336350866,2.9060034336350866,0.05486140005456884,0.05486140005456884,0.05486140005456884,0.05486140005456884,0.05486140005456884,0.05486140005456884,0.0,0.0,0.0,2.9608648336896555
2025-06-26,2.9073681048971967,1.3446934183357793,4.611679734797293,2.9073681048971967,2.9073681048971967,0.06828481999949017,0.06828481999949017,0.06828481999949017,0.06828481999949017,0.06828481999949017,0.06828481999949017,0.0,0.0,0.0,2.975652924896687
2025-07-01,2.9096425570007147,1.168366804684484,4.657074476727378,2.9096425570007147,2.9096425570007147,-0.02298663163448389,-0.02298663163448389,-0.02298663163448389,-0.02298663163448389,-0.02298663163448389,-0.02298663163448389,0.0,0.0,0.0,2.886655925366231
2025-07-02,2.9100974474214176,0.9420991456619378,4.5847966440324095,2.9100974474214176,2.9100974474214176,-0.07665289949501755,-0.07665289949501755,-0.07665289949501755,-0.07665289949501755,-0.07665289949501755,-0.07665289949501755,0.0,0.0,0.0,2.8334445479264
2025-07-03,2.910552337842121,1.214101015891847,4.7296147872821725,2.910552337842121,2.910552337842121,0.06828482000092638,0.06828482000092638,0.06828482000092638,0.06828482000092638,0.06828482000092638,0.06828482000092638,0.0,0.0,0.0,2.9788371578430475
2025-07-04,2.9110072282628248,1.4935622804957023,4.870816121700749,2.9110072282628248,2.9110072282628248,0.2558641337628166,0.2558641337628166,0.2558641337628166,0.2558641337628166,0.2558641337628166,0.2558641337628166,0.0,0.0,0.0,3.1668713620256415
2025-07-06,2.911917009104232,0.7411169827138057,4.206619797179177,2.911917009104232,2.911917009104232,-0.42433631090228896,-0.42433631090228896,-0.42433631090228896,-0.42433631090228896,-0.42433631090228896,-0.42433631090228896,0.0,0.0,0.0,2.487580698201943
2025-07-07,2.9123718995249352,1.2172525306850759,4.682701535666084,2.9123718995249352,2.9123718995249352,0.054861400054897966,0.054861400054897966,0.054861400054897966,0.054861400054897966,0.054861400054897966,0.054861400054897966,0.0,0.0,0.0,2.967233299579833
2025-07-08,2.912826789945639,0.99819571572677,4.57502328465781,2.912826789945639,2.912826789945639,-0.02298663163371276,-0.02298663163371276,-0.02298663163371276,-0.02298663163371276,-0.02298663163371276,-0.02298663163371276,0.0,0.0,0.0,2.889840158311926
2025-07-13,2.915101242049156,0.9033659085932065,4.264790345814789,2.915101242049156,2.915101242049156,-0.4243363109021331,-0.4243363109021331,-0.4243363109021331,-0.4243363109021331,-0.4243363109021331,-0.4243363109021331,0.0,0.0,0.0,2.490764931147023
2025-07-18,2.917375694152674,1.4989634009925037,4.732210562723367,2.917375694152674,2.917375694152674,0.25586413376248784,0.25586413376248784,0.25586413376248784,0.25586413376248784,0.25586413376248784,0.25586413376248784,0.0,0.0,0.0,3.173239827915162
2025-07-19,2.917830584470569,1.327877147489041,4.732630063439996,2.917830584470569,2.917830584470569,0.14496548821373592,0.14496548821373592,0.14496548821373592,0.14496548821373592,0.14496548821373592,0.14496548821373592,0.0,0.0,0.0,3.0627960726843053
2025-07-28,2.921924597331629,1.1879549213165654,4.766408309617243,2.921924597331629,2.921924597331629,0.054861400054398574,0.054861400054398574,0.054861400054398574,0.054861400054398574,0.054861400054398574,0.054861400054398574,0.0,0.0,0.0,2.9767859973860276
2025-08-01,2.9237441586032107,1.3970453397837987,4.952922989563836,2.9237441586032107,2.9237441586032107,0.2558641337629511,0.2558641337629511,0.2558641337629511,0.2558641337629511,0.2558641337629511,0.2558641337629511,0.0,0.0,0.0,3.179608292366162
2025-08-02,2.924199048921107,1.349327394837662,4.663417409759436,2.924199048921107,2.924199048921107,0.14496548821274807,0.14496548821274807,0.14496548821274807,0.14496548821274807,0.14496548821274807,0.14496548821274807,0.0,0.0,0.0,3.069164537133855
2025-08-03,2.924653939239002,0.7554379659442241,4.279026892045076,2.924653939239002,2.924653939239002,-0.42433631090217183,-0.42433631090217183,-0.42433631090217183,-0.42433631090217183,-0.42433631090217183,-0.42433631090217183,0.0,0.0,0.0,2.50031762833683
2025-08-04,2.9251088295568977,1.267054013443072,4.709566298446563,2.9251088295568977,2.9251088295568977,0.05486140005490515,0.05486140005490515,0.05486140005490515,0.05486140005490515,0.05486140005490515,0.05486140005490515,0.0,0.0,0.0,2.9799702296118027
2025-08-17,2.931022403689539,0.7157730161756645,4.197072868426465,2.931022403689539,2.931022403689539,-0.42433631090224977,-0.42433631090224977,-0.42433631090224977,-0.42433631090224977,-0.42433631090224977,-0.42433631090224977,0.0,0.0,0.0,2.506686092787289
2025-08-18,2.9314772940074354,1.2604042777238535,4.765571223198795,2.9314772940074354,2.9314772940074354,0.054861400055234294,0.054861400055234294,0.054861400055234294,0.054861400055234294,0.054861400055234294,0.054861400055234294,0.0,0.0,0.0,2.9863386940626695
2025-08-25,2.934661526232704,1.2616513132811946,4.735051866230363,2.934661526232704,2.934661526232704,0.0548614000557409,0.0548614000557409,0.0548614000557409,0.0548614000557409,0.0548614000557409,0.0548614000557409,0.0,0.0,0.0,2.9895229262884446
2025-08-27,2.9355713068684945,1.0633139181549633,4.700889369694365,2.9355713068684945,2.9355713068684945,-0.076652899494643,-0.076652899494643,-0.076652899494643,-0.076652899494643,-0.076652899494643,-0.076652899494643,0.0,0.0,0.0,2.8589184073738516
2025-08-30,2.9369359778221815,1.4400461739909916,4.837971867548091,2.9369359778221815,2.9369359778221815,0.1449654882137341,0.1449654882137341,0.1449654882137341,0.1449654882137341,0.1449654882137341,0.1449654882137341,0.0,0.0,0.0,3.0819014660359154
2025-09-01,2.9378457584549005,1.2702285241814901,4.81879877202863,2.9378457584549005,2.9378457584549005,0.05486140005556344,0.05486140005556344,0.05486140005556344,0.05486140005556344,0.05486140005556344,0.05486140005556344,0.0,0.0,0.0,2.992707158510464
2025-09-02,2.9383006487712597,1.0671850795353581,4.422177733749328,2.9383006487712597,2.9383006487712597,-0.022986631633345578,-0.022986631633345578,-0.022986631633345578,-0.022986631633345578,-0.022986631633345578,-0.022986631633345578,0.0,0.0,0.0,2.915314017137914
2025-09-03,2.938755539087619,1.1371369106130347,4.659675905886451,2.938755539087619,2.938755539087619,-0.07665289949492031,-0.07665289949492031,-0.07665289949492031,-0.07665289949492031,-0.07665289949492031,-0.07665289949492031,0.0,0.0,0.0,2.8621026395926985
2025-09-05,2.9396653197203375,1.4392438671673082,4.907454604283388,2.9396653197203375,2.9396653197203375,0.2558641337636256,0.2558641337636256,0.2558641337636256,0.2558641337636256,0.2558641337636256,0.2558641337636256,0.0,0.0,0.0,3.195529453483963
2025-09-09,2.941484880985775,1.1654870280867315,4.810348517479204,2.941484880985775,2.941484880985775,-0.02298663163351469,-0.02298663163351469,-0.02298663163351469,-0.02298663163351469,-0.02298663163351469,-0.02298663163351469,0.0,0.0,0.0,2.91849824935226
2025-09-10,2.9419397713021347,1.06053776355252,4.58904080316433,2.9419397713021347,2.9419397713021347,-0.07665289949519762,-0.07665289949519762,-0.07665289949519762,-0.07665289949519762,-0.07665289949519762,-0.07665289949519762,0.0,0.0,0.0,2.865286871806937
2025-09-12,2.942849551934853,1.5072371975467325,4.9581123186328275,2.942849551934853,2.942849551934853,0.25586413376258155,0.25586413376258155,0.25586413376258155,0.25586413376258155,0.25586413376258155,0.25586413376258155,0.0,0.0,0.0,3.1987136856974345
2025-09-13,2.943304442251212,1.3696027304387874,4.793485171247613,2.943304442251212,2.943304442251212,0.1449654882132292,0.1449654882132292,0.1449654882132292,0.1449654882132292,0.1449654882132292,0.1449654882132292,0.0,0.0,0.0,3.088269930464441
2025-09-21,2.946943564782087,0.7363370090739337,4.236888062346769,2.946943564782087,2.946943564782087,-0.42433631090224977,-0.42433631090224977,-0.42433631090224977,-0.42433631090224977,-0.42433631090224977,-0.42433631090224977,0.0,0.0,0.0,2.522607253879837
2025-09-24,2.9483082357311647,1.0123829788969942,4.54193623572452,2.9483082357311647,2.9483082357311647,-0.07665289949575219,-0.07665289949575219,-0.07665289949575219,-0.07665289949575219,-0.07665289949575219,-0.07665289949575219,0.0,0.0,0.0,2.8716553362354125
2025-09-25,2.9487631260402725,1.2755643157645549,4.763684636591739,2.9487631260402725,2.9487631260402725,0.06828482000000165,0.06828482000000165,0.06828482000000165,0.06828482000000165,0.06828482000000165,0.06828482000000165,0.0,0.0,0.0,3.017047946040274
2025-09-28,2.950127796967595,0.8010889384558624,4.218385834275044,2.950127796967595,2.950127796967595,-0.4243363109022107,-0.4243363109022107,-0.4243363109022107,-0.4243363109022107,-0.4243363109022107,-0.4243363109022107,0.0,0.0,0.0,2.5257914860653843
2025-09-30,2.9510375775858106,1.3047093043095257,4.6987370911972794,2.9510375775858106,2.9510375775858106,-0.0229866316346739,-0.0229866316346739,-0.0229866316346739,-0.0229866316346739,-0.0229866316346739,-0.0229866316346739,0.0,0.0,0.0,2.928050945951137
2025-10-01,2.9514924678949184,1.110410866597129,4.618694351746506,2.9514924678949184,2.9514924678949184,-0.07665289949473303,-0.07665289949473303,-0.07665289949473303,-0.07665289949473303,-0.07665289949473303,-0.07665289949473303,0.0,0.0,0.0,2.8748395684001853
2025-10-03,2.9524022485131334,1.466646952803368,4.923449724580604,2.9524022485131334,2.9524022485131334,0.2558641337628804,0.2558641337628804,0.2558641337628804,0.2558641337628804,0.2558641337628804,0.2558641337628804,0.0,0.0,0.0,3.2082663822760136
2025-10-04,2.9528571388222415,1.5081188001925177,4.826348357830207,2.9528571388222415,2.9528571388222415,0.14496548821350178,0.14496548821350178,0.14496548821350178,0.14496548821350178,0.14496548821350178,0.14496548821350178,0.0,0.0,0.0,3.097822627035743
2025-10-07,2.954221809749564,1.258715770496622,4.65399791619903,2.954221809749564,2.954221809749564,-0.022986631633902792,-0.022986631633902792,-0.022986631633902792,-0.022986631633902792,-0.022986631633902792,-0.022986631633902792,0.0,0.0,0.0,2.931235178115661
2025-10-09,2.9551315903572957,1.1561104227474495,4.658259771177997,2.9551315903572957,2.9551315903572957,0.06828481999945998,0.06828481999945998,0.06828481999945998,0.06828481999945998,0.06828481999945998,0.06828481999945998,0.0,0.0,0.0,3.023416410356756
2025-10-10,2.9555864806611614,1.4225480204209937,5.052105449831791,2.9555864806611614,2.9555864806611614,0.255864133762716,0.255864133762716,0.255864133762716,0.255864133762716,0.255864133762716,0.255864133762716,0.0,0.0,0.0,3.2114506144238772
2025-10-11,2.9560413709650275,1.464841703679865,4.78923481656364,2.9560413709650275,2.9560413709650275,0.14496548821276634,0.14496548821276634,0.14496548821276634,0.14496548821276634,0.14496548821276634,0.14496548821276634,0.0,0.0,0.0,3.1010068591777937
2025-10-14,2.957406041876625,1.0317002591097155,4.56340547514383,2.957406041876625,2.957406041876625,-0.02298663163452068,-0.02298663163452068,-0.02298663163452068,-0.02298663163452068,-0.02298663163452068,-0.02298663163452068,0.0,0.0,0.0,2.9344194102421044
2025-10-15,2.9578609321804916,1.05840233220098,4.4894403039450115,2.9578609321804916,2.9578609321804916,-0.07665289949437817,-0.07665289949437817,-0.07665289949437817,-0.07665289949437817,-0.07665289949437817,-0.07665289949437817,0.0,0.0,0.0,2.8812080326861134
2025-10-17,2.9587707127882235,1.5551754017003976,4.927141028782406,2.9587707127882235,2.9587707127882235,0.25586413376246403,0.25586413376246403,0.25586413376246403,0.25586413376246403,0.25586413376246403,0.25586413376246403,0.0,0.0,0.0,3.2146348465506875
2025-10-19,2.9596804933959553,0.7688511626678107,4.359287269151252,2.9596804933959553,2.9596804933959553,-0.4243363109022109,-0.4243363109022109,-0.4243363109022109,-0.4243363109022109,-0.4243363109022109,-0.4243363109022109,0.0,0.0,0.0,2.5353441824937444
2025-10-20,2.9601353836991144,1.2460141492875119,4.731042319349937,2.9601353836991144,2.9601353836991144,0.054861400054729156,0.054861400054729156,0.054861400054729156,0.054861400054729156,0.054861400054729156,0.054861400054729156,0.0,0.0,0.0,3.0149967837538436
2025-10-21,2.960590274002274,1.1816675542674586,4.696501751439644,2.960590274002274,2.960590274002274,-0.022986631634444084,-0.022986631634444084,-0.022986631634444084,-0.022986631634444084,-0.022986631634444084,-0.022986631634444084,0.0,0.0,0.0,2.93760364236783
2025-10-24,2.9619549449117515,1.412687597847093,4.936387474391503,2.9619549449117515,2.9619549449117515,0.2558641337622996,0.2558641337622996,0.2558641337622996,0.2558641337622996,0.2558641337622996,0.2558641337622996,0.0,0.0,0.0,3.2178190786740513
2025-10-26,2.9628647255180702,0.8676620616185107,4.272162284712391,2.9628647255180702,2.9628647255180702,-0.42433631090224994,-0.42433631090224994,-0.42433631090224994,-0.42433631090224994,-0.42433631090224994,-0.42433631090224994,0.0,0.0,0.0,2.5385284146158202
2025-11-01,2.965594067337026,1.329898748771159,4.865347833727532,2.965594067337026,2.965594067337026,0.14496548821200897,0.14496548821200897,0.14496548821200897,0.14496548821200897,0.14496548821200897,0.14496548821200897,0.0,0.0,0.0,3.110559555549035
2025-11-03,2.9665038479433448,1.3028390809408914,4.681593618955556,2.9665038479433448,2.9665038479433448,0.054861400055400356,0.054861400055400356,0.054861400055400356,0.054861400055400356,0.054861400055400356,0.054861400055400356,0.0,0.0,0.0,3.021365247998745
2025-11-07,2.9683234091559823,1.5649393800060998,4.981615072001481,2.9683234091559823,2.9683234091559823,0.2558641337627629,0.2558641337627629,0.2558641337627629,0.2558641337627629,0.2558641337627629,0.2558641337627629,0.0,0.0,0.0,3.224187542918745
2025-11-12,2.970597860671779,1.1143176795361704,4.624370528030199,2.970597860671779,2.970597860671779,-0.07665289949510036,-0.07665289949510036,-0.07665289949510036,-0.07665289949510036,-0.07665289949510036,-0.07665289949510036,0.0,0.0,0.0,2.8939449611766785
2025-11-18,2.9733272024907342,1.2643561118239237,4.678414103958531,2.9733272024907342,2.9733272024907342,-0.022986631634383352,-0.022986631634383352,-0.022986631634383352,-0.022986631634383352,-0.022986631634383352,-0.022986631634383352,0.0,0.0,0.0,2.950340570856351
2025-11-23,2.975601654006531,0.7211228080728065,4.323703898524109,2.975601654006531,2.975601654006531,-0.424336310902211,-0.424336310902211,-0.424336310902211,-0.424336310902211,-0.424336310902211,-0.424336310902211,0.0,0.0,0.0,2.55126534310432
2025-11-24,2.9760565443258202,1.2371088469089877,4.681085327700856,2.9760565443258202,2.9760565443258202,0.05486140005455885,0.05486140005455885,0.05486140005455885,0.05486140005455885,0.05486140005455885,0.05486140005455885,0.0,0.0,0.0,3.030917944380379
2025-11-26,2.9769663249643976,1.0905348955734058,4.731665849402686,2.9769663249643976,2.9769663249643976,-0.07665289949474549,-0.07665289949474549,-0.07665289949474549,-0.07665289949474549,-0.07665289949474549,-0.07665289949474549,0.0,0.0,0.0,2.900313425469652
2025-11-29,2.9783309959222644,1.2854756086408132,4.804337170377105,2.9783309959222644,2.9783309959222644,0.14496548821499086,0.14496548821499086,0.14496548821499086,0.14496548821499086,0.14496548821499086,0.14496548821499086,0.0,0.0,0.0,3.123296484137255
2025-12-01,2.9792407765608413,1.2641789862614006,4.760225565880381,2.9792407765608413,2.9792407765608413,0.05486140005472345,0.05486140005472345,0.05486140005472345,0.05486140005472345,0.05486140005472345,0.05486140005472345,0.0,0.0,0.0,3.0341021766155647
2025-12-04,2.9806054475187076,1.2855157617010673,4.704154228701927,2.9806054475187076,2.9806054475187076,0.06828481999998154,0.06828481999998154,0.06828481999998154,0.06828481999998154,0.06828481999998154,0.06828481999998154,0.0,0.0,0.0,3.048890267518689
2025-12-08,2.9824250087958633,1.2703935364679224,4.759564568079747,2.9824250087958633,2.9824250087958633,0.05486140005488803,0.05486140005488803,0.05486140005488803,0.05486140005488803,0.05486140005488803,0.05486140005488803,0.0,0.0,0.0,3.0372864088507514
2025-12-09,2.9828798991151517,1.258389997315261,4.6561973477991625,2.9828798991151517,2.9828798991151517,-0.02298663163370472,-0.02298663163370472,-0.02298663163370472,-0.02298663163370472,-0.02298663163370472,-0.02298663163370472,0.0,0.0,0.0,2.959893267481447
2025-12-10,2.98333478943444,1.204545935285418,4.657244840273873,2.98333478943444,2.98333478943444,-0.0766528994949131,-0.0766528994949131,-0.0766528994949131,-0.0766528994949131,-0.0766528994949131,-0.0766528994949131,0.0,0.0,0.0,2.9066818899395273
2025-12-18,2.98697391198875,1.2773195395894206,4.7811279125712955,2.98697391198875,2.98697391198875,0.06828482000002119,0.06828482000002119,0.06828482000002119,0.06828482000002119,0.06828482000002119,0.06828482000002119,0.0,0.0,0.0,3.055258731988771
2025-12-24,2.9897032539812987,1.2158935997427138,4.708649716595641,2.9897032539812987,2.9897032539812987,-0.07665289949546769,-0.07665289949546769,-0.07665289949546769,-0.07665289949546769,-0.07665289949546769,-0.07665289949546769,0.0,0.0,0.0,2.913050354485831
2025-12-28,2.9915228153096636,0.8602458562374987,4.372896977790947,2.9915228153096636,2.9915228153096636,-0.4243363109021328,-0.4243363109021328,-0.4243363109021328,-0.4243363109021328,-0.4243363109021328,-0.4243363109021328,0.0,0.0,0.0,2.567186504407531
2025-12-29,2.9919777056417547,1.2949011788597928,4.783773010124753,2.9919777056417547,2.9919777056417547,0.054861400056065796,0.054861400056065796,0.054861400056065796,0.054861400056065796,0.054861400056065796,0.054861400056065796,0.0,0.0,0.0,3.0468391056978206
2025-12-30,2.9924325959738463,1.1819598555149409,4.647633869428795,2.9924325959738463,2.9924325959738463,-0.02298663163416942,-0.02298663163416942,-0.02298663163416942,-0.02298663163416942,-0.02298663163416942,-0.02298663163416942,0.0,0.0,0.0,2.969445964339677
2026-01-03,2.994252157302211,1.4120840435533488,4.769563931835482,2.994252157302211,2.994252157302211,0.14496548821276273,0.14496548821276273,0.14496548821276273,0.14496548821276273,0.14496548821276273,0.14496548821276273,0.0,0.0,0.0,3.139217645514974
2026-01-05,2.995161937966394,1.3590975279835753,4.708050076145954,2.995161937966394,2.995161937966394,0.05486140005421114,0.05486140005421114,0.05486140005421114,0.05486140005421114,0.05486140005421114,0.05486140005421114,0.0,0.0,0.0,3.0500233380206048
2026-01-11,2.997891279958942,0.8163259240651565,4.389349494230487,2.997891279958942,2.997891279958942,-0.4243363109022108,-0.4243363109022108,-0.4243363109022108,-0.4243363109022108,-0.4243363109022108,-0.4243363109022108,0.0,0.0,0.0,2.573554969056731
2026-01-13,2.998801060623124,1.244459811671062,4.702289620635928,2.998801060623124,2.998801060623124,-0.0229866316335674,-0.0229866316335674,-0.0229866316335674,-0.0229866316335674,-0.0229866316335674,-0.0229866316335674,0.0,0.0,0.0,2.9758144289895565
2026-01-15,2.999710841287307,1.3062363881116947,4.886268431467684,2.999710841287307,2.999710841287307,0.06828482000046343,0.06828482000046343,0.06828482000046343,0.06828482000046343,0.06828482000046343,0.06828482000046343,0.0,0.0,0.0,3.06799566128777
2026-01-17,3.00062062195149,1.4478812264773497,4.879673834532797,3.00062062195149,3.00062062195149,0.14496548821425367,0.14496548821425367,0.14496548821425367,0.14496548821425367,0.14496548821425367,0.14496548821425367,0.0,0.0,0.0,3.1455861101657434
2026-01-19,3.001530402615672,1.3166741430939772,4.790784680844414,3.001530402615672,3.001530402615672,0.05486140005522434,0.05486140005522434,0.05486140005522434,0.05486140005522434,0.05486140005522434,0.05486140005522434,0.0,0.0,0.0,3.0563918026708965
2026-01-21,3.0024401832766827,1.20183224041957,4.653689682961004,3.0024401832766827,3.0024401832766827,-0.07665289949475798,-0.07665289949475798,-0.07665289949475798,-0.07665289949475798,-0.07665289949475798,-0.07665289949475798,0.0,0.0,0.0,2.9257872837819248
2026-02-01,3.0074439769122425,0.6660286883813384,4.3427336949724324,3.0074439769122425,3.0074439769122425,-0.42433631090224966,-0.42433631090224966,-0.42433631090224966,-0.42433631090224966,-0.42433631090224966,-0.42433631090224966,0.0,0.0,0.0,2.583107666009993
2026-02-03,3.0083537575732535,1.2541650851422528,4.783493098745951,3.0083537575732535,3.0083537575732535,-0.022986631634032063,-0.022986631634032063,-0.022986631634032063,-0.022986631634032063,-0.022986631634032063,-0.022986631634032063,0.0,0.0,0.0,2.9853671259392214
2026-02-07,3.0101733188952746,1.3284330123133985,4.822969278946797,3.0101733188952746,3.0101733188952746,0.14496548821349628,0.14496548821349628,0.14496548821349628,0.14496548821349628,0.14496548821349628,0.14496548821349628,0.0,0.0,0.0,3.155138807108771
2026-02-11,3.011992880217296,1.2971501818053537,4.693055066516423,3.011992880217296,3.011992880217296,-0.07665289949429344,-0.07665289949429344,-0.07665289949429344,-0.07665289949429344,-0.07665289949429344,-0.07665289949429344,0.0,0.0,0.0,2.9353399807230027
2026-02-12,3.0124477705478014,1.3226159028104703,4.910613996818148,3.0124477705478014,3.0124477705478014,0.06828481999996142,0.06828481999996142,0.06828481999996142,0.06828481999996142,0.06828481999996142,0.06828481999996142,0.0,0.0,0.0,3.080732590547763
2026-02-15,3.013812441539318,1.026863698420286,4.32691986074722,3.013812441539318,3.013812441539318,-0.42433631090228907,-0.42433631090228907,-0.42433631090228907,-0.42433631090228907,-0.42433631090228907,-0.42433631090228907,0.0,0.0,0.0,2.589476130637029
2026-02-21,3.0165417835223503,1.5139108040471652,4.866048281326485,3.0165417835223503,3.0165417835223503,0.14496548821202548,0.14496548821202548,0.14496548821202548,0.14496548821202548,0.14496548821202548,0.14496548821202548,0.0,0.0,0.0,3.1615072717343757
2026-02-22,3.016996673852855,0.8115610031994326,4.380136730579855,3.016996673852855,3.016996673852855,-0.4243363109022499,-0.4243363109022499,-0.4243363109022499,-0.4243363109022499,-0.4243363109022499,-0.4243363109022499,0.0,0.0,0.0,2.592660362950605
2026-02-23,3.017451564183361,1.3448847039033476,4.80863257321511,3.017451564183361,3.017451564183361,0.054861400055054035,0.054861400055054035,0.054861400055054035,0.054861400055054035,0.054861400055054035,0.054861400055054035,0.0,0.0,0.0,3.072312964238415
2026-02-24,3.017906454513866,1.3803521303703947,4.940197842262427,3.017906454513866,3.017906454513866,-0.02298663163474249,-0.02298663163474249,-0.02298663163474249,-0.02298663163474249,-0.02298663163474249,-0.02298663163474249,0.0,0.0,0.0,2.9949198228791234
2026-02-26,3.018816235174877,1.341184977762036,4.930335672177614,3.018816235174877,3.018816235174877,0.06828482000094532,0.06828482000094532,0.06828482000094532,0.06828482000094532,0.06828482000094532,0.06828482000094532,0.0,0.0,0.0,3.0871010551758222
2026-02-27,3.019271125505383,1.6069316912634826,5.229718457318571,3.019271125505383,3.019271125505383,0.2558641337630379,0.2558641337630379,0.2558641337630379,0.2558641337630379,0.2558641337630379,0.2558641337630379,0.0,0.0,0.0,3.2751352592684206
2026-02-28,3.019726015835888,1.4241123178443764,5.022706150756284,3.019726015835888,3.019726015835888,0.14496548821177302,0.14496548821177302,0.14496548821177302,0.14496548821177302,0.14496548821177302,0.14496548821177302,0.0,0.0,0.0,3.164691504047661
2026-03-02,3.020635796496899,1.27823535117692,4.861320989691093,3.020635796496899,3.020635796496899,0.05486140005521865,0.05486140005521865,0.05486140005521865,0.05486140005521865,0.05486140005521865,0.05486140005521865,0.0,0.0,0.0,3.0754971965521176
2026-03-03,3.021090686827404,1.253495719698157,4.771574972905015,3.021090686827404,3.021090686827404,-0.022986631633971362,-0.022986631633971362,-0.022986631633971362,-0.022986631633971362,-0.022986631633971362,-0.022986631633971362,0.0,0.0,0.0,2.9981040551934326
2026-03-04,3.0215455771579096,1.1288639860246683,4.682004675734303,3.0215455771579096,3.0215455771579096,-0.07665289949564774,-0.07665289949564774,-0.07665289949564774,-0.07665289949564774,-0.07665289949564774,-0.07665289949564774,0.0,0.0,0.0,2.9448926776622617
2026-03-05,3.022000467488415,1.3167460294812552,4.767996828133142,3.022000467488415,3.022000467488415,0.06828482000049302,0.06828482000049302,0.06828482000049302,0.06828482000049302,0.06828482000049302,0.06828482000049302,0.0,0.0,0.0,3.090285287488908
2026-03-09,3.0238200288104364,1.3870293016311384,4.77676405282574,3.0238200288104364,3.0238200288104364,0.054861400055383217,0.054861400055383217,0.054861400055383217,0.054861400055383217,0.054861400055383217,0.054861400055383217,0.0,0.0,0.0,3.0786814288658197
2026-03-14,3.0260944804629637,1.498020420201033,4.8908601856569405,3.0260944804629637,3.0260944804629637,0.1449654882137469,0.1449654882137469,0.1449654882137469,0.1449654882137469,0.1449654882137469,0.1449654882137469,0.0,0.0,0.0,3.1710599686767105
2026-03-18,3.027914041784985,1.2769921809590683,4.76628175742935,3.027914041784985,3.027914041784985,-0.07665289949438343,-0.07665289949438343,-0.07665289949438343,-0.07665289949438343,-0.07665289949438343,-0.07665289949438343,0.0,0.0,0.0,2.951261142290601
2026-03-21,3.0292787127765015,1.4928756069699705,4.983839383842334,3.0292787127765015,3.0292787127765015,0.1449654882130115,0.1449654882130115,0.1449654882130115,0.1449654882130115,0.1449654882130115,0.1449654882130115,0.0,0.0,0.0,3.174244200989513
2026-03-22,3.0297336031070063,0.8748848082389001,4.241563249326978,3.0297336031070063,3.0297336031070063,-0.4243363109022109,-0.4243363109022109,-0.4243363109022109,-0.4243363109022109,-0.4243363109022109,-0.4243363109022109,0.0,0.0,0.0,2.6053972922047954
2026-03-25,3.0310982740985226,1.2468335694584152,4.560768056731633,3.0310982740985226,3.0310982740985226,-0.07665289949557016,-0.07665289949557016,-0.07665289949557016,-0.07665289949557016,-0.07665289949557016,-0.07665289949557016,0.0,0.0,0.0,2.9544453746029524
2026-03-26,3.0315531644290283,1.421170498744887,4.780916537086982,3.0315531644290283,3.0315531644290283,0.06828482000044331,0.06828482000044331,0.06828482000044331,0.06828482000044331,0.06828482000044331,0.06828482000044331,0.0,0.0,0.0,3.0998379844294717
2026-03-27,3.0320080547595336,1.4774681619967656,5.012960013448443,3.0320080547595336,3.0320080547595336,0.25586413376317235,0.25586413376317235,0.25586413376317235,0.25586413376317235,0.25586413376317235,0.25586413376317235,0.0,0.0,0.0,3.287872188522706
2026-03-29,3.0329178354205446,0.8378357411935272,4.360203232327049,3.0329178354205446,3.0329178354205446,-0.4243363109021717,-0.4243363109021717,-0.4243363109021717,-0.4243363109021717,-0.4243363109021717,-0.4243363109021717,0.0,0.0,0.0,2.6085815245183728
2026-03-30,3.0333727257510494,1.3219737374786695,4.840270173653159,3.0333727257510494,3.0333727257510494,0.054861400055225794,0.054861400055225794,0.054861400055225794,0.054861400055225794,0.054861400055225794,0.054861400055225794,0.0,0.0,0.0,3.088234125806275
2026-03-31,3.033827616081555,1.2348118209253052,4.800846662572361,3.033827616081555,3.033827616081555,-0.022986631633910647,-0.022986631633910647,-0.022986631633910647,-0.022986631633910647,-0.022986631633910647,-0.022986631633910647,0.0,0.0,0.0,3.0108409844476447
2026-04-02,3.034737396742566,1.2938836789659516,4.748624502213242,3.034737396742566,3.034737396742566,0.06828481999999102,0.06828481999999102,0.06828481999999102,0.06828481999999102,0.06828481999999102,0.06828481999999102,0.0,0.0,0.0,3.103022216742557
2026-04-03,3.0351922870730714,1.533811176788202,5.065160379582156,3.0351922870730714,3.0351922870730714,0.2558641337629204,0.2558641337629204,0.2558641337629204,0.2558641337629204,0.2558641337629204,0.2558641337629204,0.0,0.0,0.0,3.291056420835992
2026-04-05,3.036102067734082,0.9075328413783306,4.351022852488807,3.036102067734082,3.036102067734082,-0.42433631090228896,-0.42433631090228896,-0.42433631090228896,-0.42433631090228896,-0.42433631090228896,-0.42433631090228896,0.0,0.0,0.0,2.611765756831793
2026-04-09,3.0379216290561035,1.5082240932665703,4.758712769912574,3.0379216290561035,3.0379216290561035,0.0682848199995387,0.0682848199995387,0.0682848199995387,0.0682848199995387,0.0682848199995387,0.0682848199995387,0.0,0.0,0.0,3.1062064490556422
2026-04-12,3.0392863000476202,1.0454693435153686,4.372451273193044,3.0392863000476202,3.0392863000476202,-0.4243363109022497,-0.4243363109022497,-0.4243363109022497,-0.4243363109022497,-0.4243363109022497,-0.4243363109022497,0.0,0.0,0.0,2.6149499891453707
2026-04-14,3.0401960807086303,1.249584147413805,4.86229648133364,3.0401960807086303,3.0401960807086303,-0.02298663163375741,-0.02298663163375741,-0.02298663163375741,-0.02298663163375741,-0.02298663163375741,-0.02298663163375741,0.0,0.0,0.0,3.017209449074873
2026-04-17,3.041560751700147,1.613446382264128,5.0169275608759865,3.041560751700147,3.041560751700147,0.25586413376179956,0.25586413376179956,0.25586413376179956,0.25586413376179956,0.25586413376179956,0.25586413376179956,0.0,0.0,0.0,3.297424885461947
2026-04-20,3.042925422691663,1.3651147244090314,4.912830027151238,3.042925422691663,3.042925422691663,0.054861400054042345,0.054861400054042345,0.054861400054042345,0.054861400054042345,0.054861400054042345,0.054861400054042345,0.0,0.0,0.0,3.097786822745705
2026-04-21,3.043380313022168,1.412363796755673,4.78333070747216,3.043380313022168,3.043380313022168,-0.022986631634375337,-0.022986631634375337,-0.022986631634375337,-0.022986631634375337,-0.022986631634375337,-0.022986631634375337,0.0,0.0,0.0,3.0203936813877927
2026-04-26,3.045654764674696,0.9317702143084444,4.34761667626601,3.045654764674696,3.045654764674696,-0.42433631090213275,-0.42433631090213275,-0.42433631090213275,-0.42433631090213275,-0.42433631090213275,-0.42433631090213275,0.0,0.0,0.0,2.621318453772563
2026-04-27,3.0461096550052007,1.2666983722134408,4.9194445429736575,3.0461096550052007,3.0461096550052007,0.05486140005454894,0.05486140005454894,0.05486140005454894,0.05486140005454894,0.05486140005454894,0.05486140005454894,0.0,0.0,0.0,3.1009710550597496
2026-05-03,3.048838996988233,0.9176879984162432,4.247302515514836,3.048838996988233,3.048838996988233,-0.42433631090217183,-0.42433631090217183,-0.42433631090217183,-0.42433631090217183,-0.42433631090217183,-0.42433631090217183,0.0,0.0,0.0,2.624502686086061
2026-05-07,3.050658558310255,1.380989325745586,4.851018781359601,3.050658558310255,3.050658558310255,0.06828481999998096,0.06828481999998096,0.06828481999998096,0.06828481999998096,0.06828481999998096,0.06828481999998096,0.0,0.0,0.0,3.118943378310236
2026-05-09,3.051568338971266,1.3244654905102033,4.968844753607821,3.051568338971266,3.051568338971266,0.14496548821275723,0.14496548821275723,0.14496548821275723,0.14496548821275723,0.14496548821275723,0.14496548821275723,0.0,0.0,0.0,3.196533827184023
2026-05-12,3.0529330099627816,1.2903865401242007,4.831912406510842,3.0529330099627816,3.0529330099627816,-0.022986631633696707,-0.022986631633696707,-0.022986631633696707,-0.022986631633696707,-0.022986631633696707,-0.022986631633696707,0.0,0.0,0.0,3.0299463783290848
2026-05-14,3.0538427906237926,1.4184762842726846,4.848292440489994,3.0538427906237926,3.0538427906237926,0.06828482000047291,0.06828482000047291,0.06828482000047291,0.06828482000047291,0.06828482000047291,0.06828482000047291,0.0,0.0,0.0,3.1221276106242657
2026-05-16,3.054752571284803,1.46157348557413,4.899733428466982,3.054752571284803,3.054752571284803,0.14496548821401767,0.14496548821401767,0.14496548821401767,0.14496548821401767,0.14496548821401767,0.14496548821401767,0.0,0.0,0.0,3.199718059498821
2026-05-18,3.055662351945814,1.274575703708894,4.627031918284134,3.055662351945814,3.055662351945814,0.054861400055384646,0.054861400055384646,0.054861400055384646,0.054861400055384646,0.054861400055384646,0.054861400055384646,0.0,0.0,0.0,3.110523752001199
2026-05-20,3.0565721326068247,1.196881477107218,4.707789206130876,3.0565721326068247,3.0565721326068247,-0.07665289949558263,-0.07665289949558263,-0.07665289949558263,-0.07665289949558263,-0.07665289949558263,-0.07665289949558263,0.0,0.0,0.0,2.979919233111242
2026-05-26,3.0593014745898572,1.3274097441651775,4.833888363424711,3.0593014745898572,3.0593014745898572,-0.022986631634932524,-0.022986631634932524,-0.022986631634932524,-0.022986631634932524,-0.022986631634932524,-0.022986631634932524,0.0,0.0,0.0,3.036314842954925
2026-05-30,3.061121035911879,1.5787693919533405,5.044501911145353,3.061121035911879,3.061121035911879,0.14496548821302985,0.14496548821302985,0.14496548821302985,0.14496548821302985,0.14496548821302985,0.14496548821302985,0.0,0.0,0.0,3.206086524124909
2026-06-01,3.0620308165728893,1.3827735541968844,4.835228982195031,3.0620308165728893,3.0620308165728893,0.054861400054378645,0.054861400054378645,0.054861400054378645,0.054861400054378645,0.054861400054378645,0.054861400054378645,0.0,0.0,0.0,3.116892216627268
2026-06-10,3.066124829547438,1.0941043918810807,4.6912183079361345,3.066124829547438,3.066124829547438,-0.0766528994951181,-0.0766528994951181,-0.0766528994951181,-0.0766528994951181,-0.0766528994951181,-0.0766528994951181,0.0,0.0,0.0,2.98947193005232
2026-06-11,3.066579719877943,1.5356476590128112,4.833571365291048,3.066579719877943,3.066579719877943,0.0682848199999709,0.0682848199999709,0.0682848199999709,0.0682848199999709,0.0682848199999709,0.0682848199999709,0.0,0.0,0.0,3.134864539877914
2026-06-12,3.0670346102084487,1.5981797002850506,5.200755925972215,3.0670346102084487,3.0670346102084487,0.25586413376268535,0.25586413376268535,0.25586413376268535,0.25586413376268535,0.25586413376268535,0.25586413376268535,0.0,0.0,0.0,3.322898743971134
2026-06-13,3.067489500538954,1.5781261436857095,5.02106040988707,3.067489500538954,3.067489500538954,0.14496548821252492,0.14496548821252492,0.14496548821252492,0.14496548821252492,0.14496548821252492,0.14496548821252492,0.0,0.0,0.0,3.212454988751479
2026-06-14,3.0679443908694597,0.9245621760398155,4.3202970893497294,3.0679443908694597,3.0679443908694597,-0.424336310902289,-0.424336310902289,-0.424336310902289,-0.424336310902289,-0.424336310902289,-0.424336310902289,0.0,0.0,0.0,2.6436080799671706
2026-06-15,3.068399281199965,1.5650041129053185,4.922336053889802,3.068399281199965,3.068399281199965,0.05486140005504979,0.05486140005504979,0.05486140005504979,0.05486140005504979,0.05486140005504979,0.05486140005504979,0.0,0.0,0.0,3.1232606812550148
2026-06-16,3.0688541715304707,1.2900180783383617,4.650831772223112,3.0688541715304707,3.0688541715562594,-0.02298663163470268,-0.02298663163470268,-0.02298663163470268,-0.02298663163470268,-0.02298663163470268,-0.02298663163470268,0.0,0.0,0.0,3.045867539895768
2026-06-17,3.069309061860976,1.3277380525386453,4.890895900675182,3.069309061860976,3.069309086128947,-0.07665289949500843,-0.07665289949500843,-0.07665289949500843,-0.07665289949500843,-0.07665289949500843,-0.07665289949500843,0.0,0.0,0.0,2.9926561623659675
2026-06-18,3.0697639521914812,1.4000295082009995,4.851623966711762,3.069763934749834,3.069764027420549,0.06828481999951859,0.06828481999951859,0.06828481999951859,0.06828481999951859,0.06828481999951859,0.06828481999951859,0.0,0.0,0.0,3.138048772191
2026-06-19,3.070218842521987,1.4746746064932679,5.144990834716613,3.070218795313488,3.0702189524894554,0.25586413376252093,0.25586413376252093,0.25586413376252093,0.25586413376252093,0.25586413376252093,0.25586413376252093,0.0,0.0,0.0,3.326082976284508
2026-06-20,3.070673732852492,1.400228520194961,4.951619365188883,3.070673645145773,3.070673886217911,0.14496548821475125,0.14496548821475125,0.14496548821475125,0.14496548821475125,0.14496548821475125,0.14496548821475125,0.0,0.0,0.0,3.215639221067243
2026-06-21,3.0711286231829975,0.9109980359165079,4.310168557231022,3.0711284880959475,3.0711288299542834,-0.42433631090224977,-0.42433631090224977,-0.42433631090224977,-0.42433631090224977,-0.42433631090224977,-0.42433631090224977,0.0,0.0,0.0,2.6467923122807475
2026-06-22,3.071583513513503,1.3450146296996004,4.87313204588845,3.071583305558328,3.071583775208657,0.05486140005521439,0.05486140005521439,0.05486140005521439,0.05486140005521439,0.05486140005521439,0.05486140005521439,0.0,0.0,0.0,3.1264449135687173
2026-06-23,3.0720384038440085,1.2535671817015066,4.874667724364557,3.0720380984515243,3.0720387355934906,-0.022986631634177267,-0.022986631634177267,-0.022986631634177267,-0.022986631634177267,-0.022986631634177267,-0.022986631634177267,0.0,0.0,0.0,3.049051772209831
2026-06-24,3.072493294174514,1.3926807162337425,4.71396232930127,3.0724929320229886,3.072493680535444,-0.07665289949528571,-0.07665289949528571,-0.07665289949528571,-0.07665289949528571,-0.07665289949528571,-0.07665289949528571,0.0,0.0,0.0,2.9958403946792282
2026-06-25,3.0729481845050186,1.405746156958223,4.80061546033436,3.072947760620055,3.072948655149495,0.06828482000095479,0.06828482000095479,0.06828482000095479,0.06828482000095479,0.06828482000095479,0.06828482000095479,0.0,0.0,0.0,3.1412330045059735
2026-06-26,3.0734030748355243,1.7742384659847508,5.153571946321317,3.0734026166047483,3.073403641322355,0.25586413376314865,0.25586413376314865,0.25586413376314865,0.25586413376314865,0.25586413376314865,0.25586413376314865,0.0,0.0,0.0,3.329267208598673
2026-06-27,3.0738579651660296,1.5132042896771358,4.913383357114426,3.073857439802411,3.0738585900431437,0.14496548821401586,0.14496548821401586,0.14496548821401586,0.14496548821401586,0.14496548821401586,0.14496548821401586,0.0,0.0,0.0,3.2188234533800455
2026-06-28,3.074312855496535,0.8964504833735765,4.336827926422996,3.074312247514085,3.0743136238386035,-0.42433631090217205,-0.42433631090217205,-0.42433631090217205,-0.42433631090217205,-0.42433631090217205,-0.42433631090217205,0.0,0.0,0.0,2.649976544594363
2026-06-29,3.0747677458270406,1.4234536290064423,4.796767335458189,3.074767071826122,3.074768566876835,0.054861400055720974,0.054861400055720974,0.054861400055720974,0.054861400055720974,0.054861400055720974,0.054861400055720974,0.0,0.0,0.0,3.1296291458827614
2026-06-30,3.075222636157546,1.2787962167293818,4.789880126531288,3.0752218882160043,3.075223533593789,-0.02298663163410066,-0.02298663163410066,-0.02298663163410066,-0.02298663163410066,-0.02298663163410066,-0.02298663163410066,0.0,0.0,0.0,3.0522360045234453
2026-07-01,3.0756775264880516,1.202286435334924,4.694006298034158,3.075676698641374,3.075678532049035,-0.07665289949556298,-0.07665289949556298,-0.07665289949556298,-0.07665289949556298,-0.07665289949556298,-0.07665289949556298,0.0,0.0,0.0,2.9990246269924885
2026-07-02,3.076132416818557,1.3966809080112341,4.766333041185764,3.076131482833298,3.0761335743009997,0.0682848200005025,0.0682848200005025,0.0682848200005025,0.0682848200005025,0.0682848200005025,0.0682848200005025,0.0,0.0,0.0,3.1444172368190593
2026-07-03,3.0765873071490626,1.5489016503190591,5.229500254779547,3.076586255781877,3.0765886163287295,0.2558641337629842,0.2558641337629842,0.2558641337629842,0.2558641337629842,0.2558641337629842,0.2558641337629842,0.0,0.0,0.0,3.3324514409120467
2026-07-04,3.0770421974795674,1.4786941639925895,4.895340847381657,3.0770410985249854,3.0770436613253542,0.14496548821328045,0.14496548821328045,0.14496548821328045,0.14496548821328045,0.14496548821328045,0.14496548821328045,0.0,0.0,0.0,3.222007685692848
2026-07-05,3.0774970878100727,1.0582692466782668,4.3635370330321335,3.07749586180711,3.077498661865269,-0.4243363109022111,-0.4243363109022111,-0.4243363109022111,-0.4243363109022111,-0.4243363109022111,-0.4243363109022111,0.0,0.0,0.0,2.653160776907862
2026-07-06,3.0779519781405784,1.51125324427622,4.991337757980254,3.0779506451703598,3.0779536457381624,0.054861400055543505,0.054861400055543505,0.054861400055543505,0.054861400055543505,0.054861400055543505,0.054861400055543505,0.0,0.0,0.0,3.132813378196122
2026-07-07,3.0784068684710837,1.3132900398016312,4.692209340797269,3.078405455974692,3.0784087450553272,-0.022986631634024028,-0.022986631634024028,-0.022986631634024028,-0.022986631634024028,-0.022986631634024028,-0.022986631634024028,0.0,0.0,0.0,3.0554202368370595
2026-07-08,3.0788617588015894,1.2146637744788165,4.7550566263579235,3.078860261151223,3.0788638233106123,-0.07665289949493082,-0.07665289949493082,-0.07665289949493082,-0.07665289949493082,-0.07665289949493082,-0.07665289949493082,0.0,0.0,0.0,3.0022088593066587
2026-07-09,3.0793166491320942,1.390136701201515,4.891426610865858,3.0793150710281574,3.079318897858751,0.06828481999946888,0.06828481999946888,0.06828481999946888,0.06828481999946888,0.06828481999946888,0.06828481999946888,0.0,0.0,0.0,3.1476014691315632
2026-07-10,3.0797715394626,1.5036865467318061,5.158188094808893,3.079769838886994,3.079773895744926,0.25586413376361183,0.25586413376361183,0.25586413376361183,0.25586413376361183,0.25586413376361183,0.25586413376361183,0.0,0.0,0.0,3.3356356732262116
2026-07-11,3.0802264297931052,1.493120463933398,4.90323863264318,3.080224620748953,3.080228935366903,0.14496548821302802,0.14496548821302802,0.14496548821302802,0.14496548821302802,0.14496548821302802,0.14496548821302802,0.0,0.0,0.0,3.225191918006133
2026-07-12,3.0806813201236105,0.7804721335449056,4.387326138117621,3.080679357252386,3.0806839898199265,-0.4243363109022501,-0.4243363109022501,-0.4243363109022501,-0.4243363109022501,-0.4243363109022501,-0.4243363109022501,0.0,0.0,0.0,2.6563450092213605
2026-07-13,3.0811362104541162,1.3118126148058287,4.884241855066567,3.081134168711649,3.0811390129893748,0.054861400056050155,0.054861400056050155,0.054861400056050155,0.054861400056050155,0.054861400056050155,0.054861400056050155,0.0,0.0,0.0,3.1359976105101666
2026-07-14,3.0815911007846215,1.325234068821588,4.793780334313937,3.0815889537645953,3.081594106961117,-0.02298663163349866,-0.02298663163349866,-0.02298663163349866,-0.02298663163349866,-0.02298663163349866,-0.02298663163349866,0.0,0.0,0.0,3.0586044691511227
2026-07-15,3.0820459911151272,1.196865221271125,4.788926286571025,3.082043692303721,3.0820491355403052,-0.07665289949429867,-0.07665289949429867,-0.07665289949429867,-0.07665289949429867,-0.07665289949429867,-0.07665289949429867,0.0,0.0,0.0,3.0053930916208285
2026-07-16,3.0825008814456325,1.5324744086391024,4.951621295946719,3.0824984165911564,3.0825041623678704,0.06828481999996082,0.06828481999996082,0.06828481999996082,0.06828481999996082,0.06828481999996082,0.06828481999996082,0.0,0.0,0.0,3.150785701445593
2026-07-17,3.082955771776138,1.6347966925184798,5.068460151621666,3.0829531000714,3.0829592408189344,0.2558641337617758,0.2558641337617758,0.2558641337617758,0.2558641337617758,0.2558641337617758,0.2558641337617758,0.0,0.0,0.0,3.338819905537914
2026-07-18,3.083410662106643,1.5815306862416614,4.98113097053306,3.0834078350183,3.0834142958677813,0.14496548821277555,0.14496548821277555,0.14496548821277555,0.14496548821277555,0.14496548821277555,0.14496548821277555,0.0,0.0,0.0,3.2283761503194186
2026-07-19,3.0838655524371483,0.9849617583009858,4.516340348764418,3.0838625421995274,3.0838693121834115,-0.42433631090221086,-0.42433631090221086,-0.42433631090221086,-0.42433631090221086,-0.42433631090221086,-0.42433631090221086,0.0,0.0,0.0,2.6595292415349374
2026-07-20,3.084320442767654,1.3840228414393976,4.8642968524016315,3.08431731239554,3.0843243923320633,0.05486140005487952,0.05486140005487952,0.05486140005487952,0.05486140005487952,0.05486140005487952,0.05486140005487952,0.0,0.0,0.0,3.1391818428225338
2026-07-21,3.0847753330981593,1.3210574534587727,4.805837886980034,3.0847720513059005,3.084779402950663,-0.02298663163411656,-0.02298663163411656,-0.02298663163411656,-0.02298663163411656,-0.02298663163411656,-0.02298663163411656,0.0,0.0,0.0,3.061788701464043
2026-07-22,3.085230223428664,1.3109463302591358,4.701526704433955,3.0852268464994315,3.085234587224541,-0.07665289949457599,-0.07665289949457599,-0.07665289949457599,-0.07665289949457599,-0.07665289949457599,-0.07665289949457599,0.0,0.0,0.0,3.0085773239340883
2026-07-23,3.08568511375917,1.3640245093484076,4.938312653848848,3.085681642730186,3.085689656857979,0.06828482000045279,0.06828482000045279,0.06828482000045279,0.06828482000045279,0.06828482000045279,0.06828482000045279,0.0,0.0,0.0,3.1539699337596225
2026-07-24,3.086140004089675,1.649206901680026,5.021135897614684,3.0861363739953975,3.086144692752234,0.2558641337624034,0.2558641337624034,0.2558641337624034,0.2558641337624034,0.2558641337624034,0.2558641337624034,0.0,0.0,0.0,3.3420041378520784
2026-07-25,3.086594894420181,1.4021710117700996,5.060303832692397,3.0865910522549918,3.086599783747871,0.14496548821451893,0.14496548821451893,0.14496548821451893,0.14496548821451893,0.14496548821451893,0.14496548821451893,0.0,0.0,0.0,3.2315603826347
2026-07-26,3.087049784750686,0.8935777934358629,4.482103107156225,3.087045786376788,3.0870548245078244,-0.4243363109021717,-0.4243363109021717,-0.4243363109021717,-0.4243363109021717,-0.4243363109021717,-0.4243363109021717,0.0,0.0,0.0,2.6627134738485143
2026-07-27,3.087504675081192,1.2169459522487893,4.916563953573724,3.0875004556303325,3.0875099167547524,0.05486140005504411,0.05486140005504411,0.05486140005504411,0.05486140005504411,0.05486140005504411,0.05486140005504411,0.0,0.0,0.0,3.142366075136236
2026-07-28,3.087959565411697,1.3277707974242616,4.7431334055493375,3.0879551358694948,3.087964975914378,-0.022986631633345415,-0.022986631633345415,-0.022986631633345415,-0.022986631633345415,-0.022986631633345415,-0.022986631633345415,0.0,0.0,0.0,3.0649729337783516
2026-07-29,3.0884144557422024,1.323532598399868,4.7339031538109175,3.0884098305897583,3.0884199885759704,-0.07665289949485325,-0.07665289949485325,-0.07665289949485325,-0.07665289949485325,-0.07665289949485325,-0.07665289949485325,0.0,0.0,0.0,3.011761556247349
2026-07-30,3.088869346072708,1.4027955627182749,4.9106958227694735,3.088864571075726,3.08887497700121,0.06828482000000048,0.06828482000000048,0.06828482000000048,0.06828482000000048,0.06828482000000048,0.06828482000000048,0.0,0.0,0.0,3.1571541660727087
2026-07-31,3.089324236403213,1.6019513860038135,5.093235183722461,3.0893193171474214,3.0893299851303944,0.25586413376223904,0.25586413376223904,0.25586413376223904,0.25586413376223904,0.25586413376223904,0.25586413376223904,0.0,0.0,0.0,3.345188370165452
2026-08-01,3.0897791267337187,1.5825439721795471,4.897076074970294,3.089774058820791,3.0897850429541442,0.14496548821378355,0.14496548821378355,0.14496548821378355,0.14496548821378355,0.14496548821378355,0.14496548821378355,0.0,0.0,0.0,3.2347446149475023
2026-08-02,3.090234017064224,0.9510852612493601,4.506114433009088,3.0902287462735236,3.090240127447353,-0.4243363109022107,-0.4243363109022107,-0.4243363109022107,-0.4243363109022107,-0.4243363109022107,-0.4243363109022107,0.0,0.0,0.0,2.6658977061620135
2026-08-03,3.0906889073947292,1.4336661665392805,4.788468558811951,3.090683486841065,3.0906951871022343,0.054861400055208676,0.054861400055208676,0.054861400055208676,0.054861400055208676,0.054861400055208676,0.054861400055208676,0.0,0.0,0.0,3.145550307449938
2026-08-04,3.091143797725235,1.3895012867334873,4.784152019547991,3.0911382080337337,3.0911502806461884,-0.022986631633963334,-0.022986631633963334,-0.022986631633963334,-0.022986631633963334,-0.022986631633963334,-0.022986631633963334,0.0,0.0,0.0,3.0681571660912716
2026-08-05,3.09159868805574,1.347659464628926,4.739231891068855,3.091592937116933,3.09160532641496,-0.07665289949474358,-0.07665289949474358,-0.07665289949474358,-0.07665289949474358,-0.07665289949474358,-0.07665289949474358,0.0,0.0,0.0,3.014945788560996
2026-08-06,3.0920535783862455,1.3271675200614248,4.947159508406969,3.0920476854229495,3.092060444256862,0.06828481999954819,0.06828481999954819,0.06828481999954819,0.06828481999954819,0.06828481999954819,0.06828481999954819,0.0,0.0,0.0,3.1603383983857936
2026-08-07,3.092508468716751,1.7155344102607026,5.136730543109125,3.092502382994919,3.0925154988763275,0.25586413376286665,0.25586413376286665,0.25586413376286665,0.25586413376286665,0.25586413376286665,0.25586413376286665,0.0,0.0,0.0,3.3483726024796177
2026-08-08,3.092963359047256,1.58862431029461,4.995611653613068,3.0929570942140474,3.092970561039201,0.144965488214014,0.144965488214014,0.144965488214014,0.144965488214014,0.144965488214014,0.144965488214014,0.0,0.0,0.0,3.23792884726127
2026-08-09,3.0934182493777618,0.989134554959698,4.4972899796929475,3.0934118228465253,3.0934256710106385,-0.42433631090224966,-0.42433631090224966,-0.42433631090224966,-0.42433631090224966,-0.42433631090224966,-0.42433631090224966,0.0,0.0,0.0,2.6690819384755122
2026-08-10,3.093873139708267,1.486180882039082,4.73201656503557,3.0938665484076675,3.093880748041126,0.0548614000540381,0.0548614000540381,0.0548614000540381,0.0548614000540381,0.0548614000540381,0.0548614000540381,0.0,0.0,0.0,3.148734539762305
2026-08-11,3.0943280300387728,1.2867581431112978,4.783874530730637,3.0943212624583674,3.0943357646945953,-0.022986631633886707,-0.022986631633886707,-0.022986631633886707,-0.022986631633886707,-0.022986631633886707,-0.022986631633886707,0.0,0.0,0.0,3.071341398404886
2026-08-12,3.094782920369278,1.1755720635197344,4.7938043382217215,3.094775976509067,3.094790836313607,-0.07665289949411142,-0.07665289949411142,-0.07665289949411142,-0.07665289949411142,-0.07665289949411142,-0.07665289949411142,0.0,0.0,0.0,3.0181300208751667
2026-08-13,3.0952378106997838,1.4210845373582826,4.939234069830364,3.095230690559768,3.095245845824234,0.06828482000004013,0.06828482000004013,0.06828482000004013,0.06828482000004013,0.06828482000004013,0.06828482000004013,0.0,0.0,0.0,3.163522630699824
2026-08-14,3.0956927010302886,1.5473512437808572,5.036752800170746,3.0956853624076652,3.0957008667321086,0.2558641337627023,0.2558641337627023,0.2558641337627023,0.2558641337627023,0.2558641337627023,0.2558641337627023,0.0,0.0,0.0,3.3515568347929907
2026-08-15,3.096147591360794,1.356622055990411,5.094108001154857,3.096140118661167,3.0961559471958227,0.14496548821327862,0.14496548821327862,0.14496548821327862,0.14496548821327862,0.14496548821327862,0.14496548821327862,0.0,0.0,0.0,3.2411130795740726
2026-08-16,3.0966024816912996,0.9386306723857315,4.405921848395419,3.09659475089663,3.0966110004078957,-0.42433631090217194,-0.42433631090217194,-0.42433631090217194,-0.42433631090217194,-0.42433631090217194,-0.42433631090217194,0.0,0.0,0.0,2.6722661707891278
2026-08-17,3.097057372021805,1.4429870443390966,4.819717607847545,3.0970494360737644,3.0970661796260175,0.05486140005420262,0.05486140005420262,0.05486140005420262,0.05486140005420262,0.05486140005420262,0.05486140005420262,0.0,0.0,0.0,3.1519187720760073
2026-08-18,3.0975122623523106,1.2187730194290383,4.734148719070289,3.0975041177746414,3.097521305617454,-0.022986631634504626,-0.022986631634504626,-0.022986631634504626,-0.022986631634504626,-0.022986631634504626,-0.022986631634504626,0.0,0.0,0.0,3.074525630717806
2026-08-19,3.0979671526828154,1.1354833973692655,4.689853716336356,3.097958851318214,3.097976338026385,-0.07665289949529815,-0.07665289949529815,-0.07665289949529815,-0.07665289949529815,-0.07665289949529815,-0.07665289949529815,0.0,0.0,0.0,3.0213142531875175
2026-08-20,3.098422043013321,1.3536946914937613,4.912289593009893,3.0984135155213917,3.0984313311950626,0.06828482000089502,0.06828482000089502,0.06828482000089502,0.06828482000089502,0.06828482000089502,0.06828482000089502,0.0,0.0,0.0,3.166706863014216
2026-08-21,3.0988769333438264,1.5232455553975028,5.24905592400513,3.09886817319195,3.098886453082875,0.2558641337624502,0.2558641337624502,0.2558641337624502,0.2558641337624502,0.2558641337624502,0.2558641337624502,0.0,0.0,0.0,3.3547410671062767
2026-08-22,3.0993318236743317,1.6313995566063657,4.968194630997426,3.099322895353957,3.0993416658389465,0.14496548821302618,0.14496548821302618,0.14496548821302618,0.14496548821302618,0.14496548821302618,0.14496548821302618,0.0,0.0,0.0,3.2442973118873577
2026-08-23,3.0997867140048374,0.953749642916016,4.383785394183749,3.099777469178318,3.099796793976672,-0.42433631090213275,-0.42433631090213275,-0.42433631090213275,-0.42433631090213275,-0.42433631090213275,-0.42433631090213275,0.0,0.0,0.0,2.6754504031027047
2026-08-24,3.1002416043353427,1.384133822707258,4.967433953876496,3.1002322027947393,3.1002518588706867,0.05486140005470926,0.05486140005470926,0.05486140005470926,0.05486140005470926,0.05486140005470926,0.05486140005470926,0.0,0.0,0.0,3.155103004390052
2026-08-25,3.1006964946658484,1.321249654171971,4.789912440791451,3.100686776197756,3.1007069186436973,-0.022986631634427986,-0.022986631634427986,-0.022986631634427986,-0.022986631634427986,-0.022986631634427986,-0.022986631634427986,0.0,0.0,0.0,3.0777098630314206
2026-08-26,3.1011513849963537,1.0953105928323716,4.692150189442379,3.1011414553677294,3.1011620043834545,-0.07665289949466603,-0.07665289949466603,-0.07665289949466603,-0.07665289949466603,-0.07665289949466603,-0.07665289949466603,0.0,0.0,0.0,3.0244984855016877
2026-08-27,3.1016062753268585,1.3950259754371224,4.900306213340602,3.101596095241777,3.1016171286866214,0.06828482000044273,0.06828482000044273,0.06828482000044273,0.06828482000044273,0.06828482000044273,0.06828482000044273,0.0,0.0,0.0,3.1698910953273014
2026-08-28,3.1020611656573642,1.584563108515322,4.974615277022419,3.1020507624384543,3.1020721407018885,0.2558641337622859,0.2558641337622859,0.2558641337622859,0.2558641337622859,0.2558641337622859,0.2558641337622859,0.0,0.0,0.0,3.3579252994196502
2026-08-29,3.1025160559878695,1.5998343958318368,4.999890405441162,3.102505449015112,3.1025272137150783,0.14496548821229077,0.14496548821229077,0.14496548821229077,0.14496548821229077,0.14496548821229077,0.14496548821229077,0.0,0.0,0.0,3.24748154420016
2026-08-30,3.1029709463183752,0.8696708461541601,4.389987841658715,3.102960085357275,3.102982436077985,-0.42433631090224994,-0.42433631090224994,-0.42433631090224994,-0.42433631090224994,-0.42433631090224994,-0.42433631090224994,0.0,0.0,0.0,2.6786346354161252
2026-08-31,3.1034258366488805,1.4037259200004852,4.9158379697762395,3.1034147130636396,3.103437568507011,0.054861400054531786,0.054861400054531786,0.054861400054531786,0.054861400054531786,0.054861400054531786,0.054861400054531786,0.0,0.0,0.0,3.1582872367034125
2026-09-01,3.1038807269793853,1.3820939912393726,4.86379677041893,3.1038692373378196,3.10389277981513,-0.02298663163390262,-0.02298663163390262,-0.02298663163390262,-0.02298663163390262,-0.02298663163390262,-0.02298663163390262,0.0,0.0,0.0,3.080894095345483
2026-09-02,3.104335617309891,1.3456755042713406,4.7809585160644446,3.1043238525515395,3.1043478712044412,-0.0766528994949433,-0.0766528994949433,-0.0766528994949433,-0.0766528994949433,-0.0766528994949433,-0.0766528994949433,0.0,0.0,0.0,3.027682717814948
2026-09-03,3.1047905076403963,1.3447720662219422,4.959541976881814,3.1047785982818255,3.1048030385715126,0.06828481999999042,0.06828481999999042,0.06828481999999042,0.06828481999999042,0.06828481999999042,0.06828481999999042,0.0,0.0,0.0,3.1730753276403867
2026-09-04,3.105245397970902,1.7368081284282098,5.15298839549863,3.105233145152636,3.1052581959002454,0.25586413376291356,0.25586413376291356,0.25586413376291356,0.25586413376291356,0.25586413376291356,0.25586413376291356,0.0,0.0,0.0,3.3611095317338155
2026-09-05,3.1057002883014073,1.495574674468277,5.010798272068327,3.105687756405859,3.105713350883222,0.1449654882120383,0.1449654882120383,0.1449654882120383,0.1449654882120383,0.1449654882120383,0.1449654882120383,0.0,0.0,0.0,3.2506657765134457
2026-09-06,3.106155178631913,1.01812898033978,4.440339099531271,3.1061423258652545,3.1061684694795595,-0.424336310902094,-0.424336310902094,-0.424336310902094,-0.424336310902094,-0.424336310902094,-0.424336310902094,0.0,0.0,0.0,2.681818867729819
2026-09-07,3.1066100689624183,1.4239167758830387,4.793935941190454,3.1065969568162757,3.1066235861095954,0.054861400055038416,0.054861400055038416,0.054861400055038416,0.054861400055038416,0.054861400055038416,0.054861400055038416,0.0,0.0,0.0,3.1614714690174566
2026-09-08,3.1070649592929236,1.3431620298654796,4.836785456651011,3.1070516244227755,3.1070786960882355,-0.022986631633826003,-0.022986631633826003,-0.022986631633826003,-0.022986631633826003,-0.022986631633826003,-0.022986631633826003,0.0,0.0,0.0,3.0840783276590975
