customer_id,customer_name,city
101,John,Chennai
102,Alice,Bangalore
103,Bob,Mumbai
104,Ravi,Hyderabad
105,Priya,Pune
106,Arun,Delhi
107,Kiran,Kolkata
108,Meena,Chennai
109,David,Bangalore
110,Sneha,Mumbai
111,Raj,Hyderabad
112,Anu,Pune
113,Vijay,Delhi
114,Deepa,Kolkata
115,Kumar,Chennai
116,Divya,Bangalore
117,Manoj,Mumbai
118,Asha,Hyderabad
119,Suresh,Pune
120,Keerthi,Delhi
121,Ajay,Kolkata
122,Nisha,Chennai
123,Varun,Bangalore
124,Pooja,Mumbai
125,Sanjay,Hyderabad
126,Latha,Pune
127,Arvind,Delhi
128,Shalini,Kolkata
129,Ramesh,Chennai
130,Kavya,Bangalore
131,Harish,Mumbai
132,Neha,Hyderabad
133,Gokul,Pune
134,Swathi,Delhi
135,Rohit,Kolkata
136,Anitha,Chennai
137,Karthik,Bangalore
138,Preethi,Mumbai
139,Mohan,Hyderabad
140,Renu,Pune
141,Surya,Delhi
142,Geetha,Kolkata
143,Prakash,Chennai
144,Aarthi,Bangalore
145,Sathish,Mumbai
146,Janani,Hyderabad
147,Dinesh,Pune
148,Monika,Delhi
149,Naveen,Kolkata
150,Rekha,Chennai
151,Akash,Bangalore
152,Bhavana,Mumbai
153,Chandru,Hyderabad
154,Dharani,Pune
155,Ezhil,Delhi
156,Farhana,Kolkata
157,Ganesh,Chennai
158,Hema,Bangalore
159,Indhu,Mumbai
160,Jagan,Hyderabad
161,Kalai,Pune
162,Lokesh,Delhi
163,Madhan,Kolkata
164,Nandhini,Chennai
165,Omkar,Bangalore
166,Pavithra,Mumbai
167,Qadir,Hyderabad
168,Rithika,Pune
169,Selvam,Delhi
170,Tharun,Kolkata
171,Uma,Chennai
172,Vasanth,Bangalore
173,Wilson,Mumbai
174,Xavier,Hyderabad
175,Yamini,Pune
176,Zakir,Delhi
177,Abinaya,Kolkata
178,Bala,Chennai
179,Charan,Bangalore
180,Dhivya,Mumbai
181,Elango,Hyderabad
182,Felix,Pune
183,Gayathri,Delhi
184,Hari,Kolkata
185,Ishwarya,Chennai
186,Jeeva,Bangalore
187,Kishore,Mumbai
188,Leela,Hyderabad
189,Muthu,Pune
190,Nila,Delhi
