Order_ID,Product,Quantity,Sales_Amount,City,Sales_Date
1,Printer,2.0,18412.0,Hyderabad,2025-06-12
2,Monitor,2.0,20493.0,Hyderabad,2026-03-20
3,Laptop,6.0,45755.0,Hyderabad,2026-02-19
4,Laptop,8.0,37752.0,Mumbai,2026-03-26
5,Monitor,2.0,3704.0,Mumbai,2026-05-11
6,Keyboard,5.0,20361.0,Hyderabad,2026-05-24
7,Laptop,3.0,49400.0,Chennai,2026-04-23
8,Monitor,6.0,4505.0,Hyderabad,2025-06-09
9,Keyboard,3.0,28227.0,Chennai,2026-02-25
10,Printer,5.0,34942.0,Chennai,2025-07-04
11,,5.0,24150.0,Chennai,2025-11-12
12,Laptop,5.0,14575.0,Mumbai,2026-03-13
13,Printer,3.0,7727.0,Mumbai,2025-07-28
14,Monitor,7.0,11292.0,Mumbai,2025-07-24
15,Monitor,6.0,39737.0,Coimbatore,2025-10-01
16,Laptop,5.0,45985.0,Chennai,2025-07-18
17,Laptop,5.0,13160.0,Bangalore,2025-12-04
18,Laptop,4.0,40473.0,Coimbatore,2025-07-11
19,Printer,9.0,5293.0,Coimbatore,2026-03-29
20,Monitor,8.0,38424.0,Bangalore,2025-08-02
21,Mouse,,31523.0,Bangalore,2025-07-11
22,Laptop,8.0,24514.0,Chennai,2025-07-08
23,Monitor,3.0,19250.0,Hyderabad,2026-03-08
24,Mouse,8.0,27514.0,Coimbatore,2026-02-26
25,Laptop,8.0,29067.0,Bangalore,2025-12-08
26,Keyboard,9.0,42876.0,Mumbai,2025-08-01
27,Mouse,1.0,4667.0,Coimbatore,2026-04-13
28,Printer,7.0,7384.0,Bangalore,2025-10-03
29,Printer,6.0,39664.0,Bangalore,2026-01-29
30,Monitor,2.0,29991.0,Hyderabad,2026-06-02
31,Laptop,2.0,,Chennai,2025-11-17
32,Monitor,7.0,15468.0,Chennai,2026-04-11
33,Laptop,7.0,32680.0,Chennai,2026-04-13
34,Laptop,4.0,3071.0,Coimbatore,2026-04-03
35,Mouse,5.0,13020.0,Coimbatore,2026-02-11
36,Monitor,7.0,25624.0,Hyderabad,2025-07-14
37,Printer,1.0,16383.0,Chennai,2025-09-17
38,Laptop,9.0,40252.0,Chennai,2026-03-11
39,Laptop,9.0,49121.0,Hyderabad,2026-01-08
40,Laptop,4.0,19285.0,Chennai,2025-12-02
41,Keyboard,4.0,14672.0,,2025-11-16
42,Printer,1.0,23839.0,Bangalore,2026-04-10
43,Printer,6.0,30749.0,Coimbatore,2025-09-20
44,Printer,5.0,19587.0,Mumbai,2025-06-29
45,Printer,10.0,9908.0,Bangalore,2025-09-12
46,Monitor,7.0,9576.0,Mumbai,2025-08-10
47,Keyboard,8.0,18538.0,Coimbatore,2025-12-06
48,Printer,3.0,36796.0,Mumbai,2026-02-26
49,Mouse,1.0,3130.0,Chennai,2026-04-02
50,Keyboard,6.0,12494.0,Hyderabad,2026-03-23
51,Mouse,6.0,9353.0,Chennai,
52,Monitor,2.0,557.0,Hyderabad,2026-05-29
53,Monitor,1.0,14534.0,Bangalore,2026-03-21
54,Printer,6.0,5522.0,Coimbatore,2026-01-09
55,Keyboard,6.0,28331.0,Bangalore,2026-01-29
56,Monitor,7.0,33904.0,Hyderabad,2025-11-22
57,Laptop,2.0,10374.0,Bangalore,2025-08-05
58,Printer,9.0,21772.0,Coimbatore,2025-08-30
59,Monitor,9.0,33952.0,Mumbai,2025-10-04
60,Printer,3.0,26922.0,Hyderabad,2025-10-26
61,Keyboard,8.0,49635.0,Hyderabad,2025-12-17
62,Mouse,3.0,11964.0,Coimbatore,2026-02-15
63,Monitor,10.0,42272.0,Coimbatore,2026-04-02
64,Keyboard,10.0,47946.0,Mumbai,2025-11-10
65,Laptop,3.0,12778.0,Bangalore,2025-06-19
66,Printer,3.0,32597.0,Hyderabad,2025-08-29
67,Monitor,10.0,29440.0,Hyderabad,2026-05-04
68,Laptop,9.0,24027.0,Bangalore,2025-06-25
69,Keyboard,7.0,48456.0,Chennai,2026-03-07
70,Laptop,5.0,13295.0,Hyderabad,2026-03-31
71,Printer,1.0,9995.0,Bangalore,2026-02-10
72,Laptop,9.0,32239.0,Bangalore,2025-12-19
73,Monitor,5.0,28472.0,Coimbatore,2026-05-31
74,Monitor,5.0,10868.0,Mumbai,2025-09-16
75,Laptop,8.0,1165.0,Coimbatore,2026-02-27
76,Monitor,4.0,2851.0,Hyderabad,2026-04-24
77,Laptop,3.0,9158.0,Bangalore,2025-06-19
78,Printer,9.0,1619.0,Chennai,2025-12-25
79,Keyboard,9.0,42687.0,Chennai,2026-04-04
80,Keyboard,6.0,32007.0,Bangalore,2025-09-23
81,Printer,5.0,3554.0,Mumbai,2026-03-06
82,Laptop,4.0,48084.0,Hyderabad,2026-05-20
83,Mouse,3.0,38858.0,Mumbai,2026-03-15
84,Laptop,6.0,1362.0,Bangalore,2026-04-18
85,Mouse,2.0,39481.0,Coimbatore,2026-04-03
86,Monitor,3.0,5494.0,Chennai,2026-05-08
87,Laptop,7.0,8526.0,Bangalore,2025-07-26
88,Monitor,3.0,17693.0,Mumbai,2025-07-11
89,Printer,9.0,11456.0,Chennai,2026-03-04
90,Printer,3.0,9164.0,Bangalore,2026-02-24
91,Monitor,2.0,40636.0,Hyderabad,2025-11-16
92,Printer,3.0,28688.0,Chennai,2026-04-10
93,Mouse,2.0,25576.0,Hyderabad,2026-04-07
94,Laptop,3.0,17475.0,Mumbai,2025-07-02
95,Mouse,2.0,18417.0,Mumbai,2026-03-11
69,Keyboard,7.0,48456.0,Chennai,2026-03-07
23,Monitor,3.0,19250.0,Hyderabad,2026-03-08
73,Monitor,5.0,28472.0,Coimbatore,2026-05-31
74,Monitor,5.0,10868.0,Mumbai,2025-09-16
1,Printer,2.0,18412.0,Hyderabad,2025-06-12
