order_id,customer_id,product,quantity,price,sales_date
1,101,Laptop,2,50000,01-06-2026
2,102,Mouse,3,500,01-06-2026
3,103,Keyboard,1,1500,02-06-2026
4,104,Laptop,1,50000,02-06-2026
5,105,Monitor,2,12000,03-06-2026
6,106,Printer,1,15000,03-06-2026
7,107,Laptop,1,50000,04-06-2026
8,108,Mouse,5,500,04-06-2026
9,109,Keyboard,2,1500,05-06-2026
10,110,Laptop,1,50000,05-06-2026
11,111,Monitor,1,12000,06-06-2026
12,112,Printer,2,15000,06-06-2026
13,113,Laptop,3,50000,07-06-2026
14,114,Mouse,2,500,07-06-2026
15,115,Keyboard,1,1500,08-06-2026
16,116,Laptop,1,50000,08-06-2026
17,117,Monitor,2,12000,09-06-2026
18,118,Printer,1,15000,09-06-2026
19,119,Laptop,2,50000,10-06-2026
20,120,Mouse,4,500,10-06-2026
21,121,Keyboard,2,1500,11-06-2026
22,122,Laptop,1,50000,11-06-2026
23,123,Monitor,1,12000,12-06-2026
24,124,Printer,2,15000,12-06-2026
25,125,Laptop,1,50000,13-06-2026
26,126,Mouse,3,500,13-06-2026
27,127,Keyboard,1,1500,14-06-2026
28,128,Laptop,2,50000,14-06-2026
29,129,Monitor,1,12000,15-06-2026
30,130,Printer,1,15000,15-06-2026
31,131,Laptop,1,50000,16-06-2026
32,132,Mouse,5,500,16-06-2026
33,133,Keyboard,2,1500,17-06-2026
34,134,Laptop,1,50000,17-06-2026
35,135,Monitor,2,12000,18-06-2026
36,136,Printer,1,15000,18-06-2026
37,137,Laptop,2,50000,19-06-2026
38,138,Mouse,2,500,19-06-2026
39,139,Keyboard,1,1500,20-06-2026
40,140,Laptop,1,50000,20-06-2026
41,141,Monitor,1,12000,21-06-2026
42,142,Printer,2,15000,21-06-2026
43,143,Laptop,1,50000,22-06-2026
44,144,Mouse,4,500,22-06-2026
45,145,Keyboard,1,1500,23-06-2026
46,146,Laptop,2,50000,23-06-2026
47,147,Monitor,2,12000,24-06-2026
48,148,Printer,1,15000,24-06-2026
49,149,Laptop,1,50000,25-06-2026
50,150,Mouse,3,500,25-06-2026
51,151,Keyboard,2,1500,26-06-2026
52,152,Laptop,1,50000,26-06-2026
53,153,Monitor,1,12000,27-06-2026
54,154,Printer,2,15000,27-06-2026
55,155,Laptop,3,50000,28-06-2026
56,156,Mouse,2,500,28-06-2026
57,157,Keyboard,1,1500,29-06-2026
58,158,Laptop,1,50000,29-06-2026
59,159,Monitor,2,12000,30-06-2026
60,160,Printer,1,15000,30-06-2026
61,161,Laptop,2,50000,01-07-2026
62,162,Mouse,5,500,01-07-2026
63,163,Keyboard,2,1500,02-07-2026
64,164,Laptop,1,50000,02-07-2026
65,165,Monitor,1,12000,03-07-2026
66,166,Printer,2,15000,03-07-2026
67,167,Laptop,1,50000,04-07-2026
68,168,Mouse,3,500,04-07-2026
69,169,Keyboard,1,1500,05-07-2026
70,170,Laptop,2,50000,05-07-2026
71,171,Monitor,2,12000,06-07-2026
72,172,Printer,1,15000,06-07-2026
73,173,Laptop,1,50000,07-07-2026
74,174,Mouse,4,500,07-07-2026
75,175,Keyboard,2,1500,08-07-2026
76,176,Laptop,1,50000,08-07-2026
77,177,Monitor,1,12000,09-07-2026
78,178,Printer,2,15000,09-07-2026
79,179,Laptop,3,50000,10-07-2026
80,180,Mouse,2,500,10-07-2026
81,181,Keyboard,1,1500,11-07-2026
82,182,Laptop,1,50000,11-07-2026
83,183,Monitor,2,12000,12-07-2026
84,184,Printer,1,15000,12-07-2026
85,185,Laptop,2,50000,13-07-2026
86,186,Mouse,5,500,13-07-2026
87,187,Keyboard,2,1500,14-07-2026
88,188,Laptop,1,50000,14-07-2026
89,189,Monitor,1,12000,15-07-2026
90,190,Printer,2,15000,15-07-2026
